SCHEMA_NAME;SYNONYM_NAME;SYNONYM_OID;OBJECT_DATABASE_SCHEMA;OBJECT_DATABASE;OBJECT_SCHEMA;OBJECT_NAME;OBJECT_TYPE;IS_COLUMN_OBJECT
"PUBLIC";"DUMMY";"138913";"null";"H00";"SYS";"DUMMY";"TABLE";"FALSE"
"PUBLIC";"SQLSCRIPT_LOGGING_TABLE_TYPE";"146754";"null";"H00";"SYS";"SQLSCRIPT_LOGGING_TABLE_TYPE";"TABLE";"FALSE"
"PUBLIC";"INDEX_TYPE_ADVISOR_RESULT_TYPE";"146755";"null";"H00";"SYS";"INDEX_TYPE_ADVISOR_RESULT_TYPE";"TABLE";"FALSE"
"PUBLIC";"RESTART_PREDICTION_RESULT_TYPE";"146756";"null";"H00";"SYS";"RESTART_PREDICTION_RESULT_TYPE";"TABLE";"FALSE"
"PUBLIC";"RESTART_PROGRESS_RESULT_TYPE";"146757";"null";"H00";"SYS";"RESTART_PROGRESS_RESULT_TYPE";"TABLE";"FALSE"
"PUBLIC";"REMOTE_SUBSCRIPTION_EXTERNAL_VERSIONS_RESULT_TYPE";"146758";"null";"H00";"SYS";"REMOTE_SUBSCRIPTION_EXTERNAL_VERSIONS_RESULT_TYPE";"TABLE";"FALSE"
"PUBLIC";"M_SESSION_CREDENTIALS";"146499";"null";"H00";"SYS";"M_SESSION_CREDENTIALS";"VIEW";"FALSE"
"PUBLIC";"M_LANDSCAPE_HOST_CONFIGURATION";"146500";"null";"H00";"SYS";"M_LANDSCAPE_HOST_CONFIGURATION";"VIEW";"FALSE"
"PUBLIC";"M_SYSTEM_AVAILABILITY";"146501";"null";"H00";"SYS";"M_SYSTEM_AVAILABILITY";"VIEW";"FALSE"
"PUBLIC";"M_JOB_HISTORY_INFO";"146502";"null";"H00";"SYS";"M_JOB_HISTORY_INFO";"VIEW";"FALSE"
"PUBLIC";"M_LOAD_HISTORY_INFO";"146503";"null";"H00";"SYS";"M_LOAD_HISTORY_INFO";"VIEW";"FALSE"
"PUBLIC";"M_CONSISTENCY_CHECK_HISTORY";"146504";"null";"H00";"SYS";"M_CONSISTENCY_CHECK_HISTORY";"VIEW";"FALSE"
"PUBLIC";"M_CONSISTENCY_CHECK_HISTORY_ERRORS";"146505";"null";"H00";"SYS";"M_CONSISTENCY_CHECK_HISTORY_ERRORS";"VIEW";"FALSE"
"PUBLIC";"M_INIFILE_CONTENT_HISTORY";"146506";"null";"H00";"SYS";"M_INIFILE_CONTENT_HISTORY";"VIEW";"FALSE"
"PUBLIC";"M_CONFIGURATION_PARAMETER_VALUES";"146507";"null";"H00";"SYS";"M_CONFIGURATION_PARAMETER_VALUES";"VIEW";"FALSE"
"PUBLIC";"CONFIGURATION_PARAMETER_PROPERTIES";"146508";"null";"H00";"SYS";"CONFIGURATION_PARAMETER_PROPERTIES";"VIEW";"FALSE"
"PUBLIC";"M_SYSTEM_REPLICATION_TAKEOVER_HISTORY";"146509";"null";"H00";"SYS";"M_SYSTEM_REPLICATION_TAKEOVER_HISTORY";"VIEW";"FALSE"
"PUBLIC";"M_LOAD_HISTORY_HOST";"146510";"null";"H00";"SYS";"M_LOAD_HISTORY_HOST";"VIEW";"FALSE"
"PUBLIC";"M_LOAD_HISTORY_SERVICE";"146511";"null";"H00";"SYS";"M_LOAD_HISTORY_SERVICE";"VIEW";"FALSE"
"PUBLIC";"M_RECORD_LOCKS";"146512";"null";"H00";"SYS";"M_RECORD_LOCKS";"VIEW";"FALSE"
"PUBLIC";"M_JOB_PROGRESS";"146513";"null";"H00";"SYS";"M_JOB_PROGRESS";"VIEW";"FALSE"
"PUBLIC";"M_MERGED_TRACES";"146514";"null";"H00";"SYS";"M_MERGED_TRACES";"VIEW";"FALSE"
"PUBLIC";"M_REPO_TRANSPORT_FILES";"146515";"null";"H00";"SYS";"M_REPO_TRANSPORT_FILES";"VIEW";"FALSE"
"PUBLIC";"KEY_MANAGEMENT_CONFIGURATIONS";"146516";"null";"H00";"SYS";"KEY_MANAGEMENT_CONFIGURATIONS";"VIEW";"FALSE"
"PUBLIC";"M_ENCRYPTION_OVERVIEW";"146517";"null";"H00";"SYS";"M_ENCRYPTION_OVERVIEW";"VIEW";"FALSE"
"PUBLIC";"M_FEATURES";"146518";"null";"H00";"SYS";"M_FEATURES";"VIEW";"FALSE"
"PUBLIC";"M_FEATURE_USAGE";"146519";"null";"H00";"SYS";"M_FEATURE_USAGE";"VIEW";"FALSE"
"PUBLIC";"M_FEATURE_USAGE_OBJECT_COUNT_STATISTICS";"146520";"null";"H00";"SYS";"M_FEATURE_USAGE_OBJECT_COUNT_STATISTICS";"VIEW";"FALSE"
"PUBLIC";"M_CUSTOMIZABLE_FUNCTIONALITIES";"146521";"null";"H00";"SYS";"M_CUSTOMIZABLE_FUNCTIONALITIES";"VIEW";"FALSE"
"PUBLIC";"M_STATISTICS_LASTVALUES";"146522";"null";"H00";"SYS";"M_STATISTICS_LASTVALUES";"VIEW";"FALSE"
"PUBLIC";"M_REORG_ALGORITHMS";"146523";"null";"H00";"SYS";"M_REORG_ALGORITHMS";"VIEW";"FALSE"
"PUBLIC";"M_RS_TABLE_VERSION_STATISTICS";"146524";"null";"H00";"SYS";"M_RS_TABLE_VERSION_STATISTICS";"VIEW";"FALSE"
"PUBLIC";"M_CACHE_ENTRIES";"146525";"null";"H00";"SYS";"M_CACHE_ENTRIES";"VIEW";"FALSE"
"PUBLIC";"M_SERVICE_REPLICATION";"146526";"null";"H00";"SYS";"M_SERVICE_REPLICATION";"VIEW";"FALSE"
"PUBLIC";"M_SYSTEM_REPLICATION";"146527";"null";"H00";"SYS";"M_SYSTEM_REPLICATION";"VIEW";"FALSE"
"PUBLIC";"M_DATABASE_REPLICAS";"146528";"null";"H00";"SYS";"M_DATABASE_REPLICAS";"VIEW";"FALSE"
"PUBLIC";"M_DATABASE_REPLICA_STATISTICS";"146529";"null";"H00";"SYS";"M_DATABASE_REPLICA_STATISTICS";"VIEW";"FALSE"
"PUBLIC";"M_SERVICE_MOVE_STATISTICS";"146530";"null";"H00";"SYS";"M_SERVICE_MOVE_STATISTICS";"VIEW";"FALSE"
"PUBLIC";"M_VOLUME_REPLICATION_STATISTICS";"146531";"null";"H00";"SYS";"M_VOLUME_REPLICATION_STATISTICS";"VIEW";"FALSE"
"PUBLIC";"M_OBJECT_LOCKS";"146532";"null";"H00";"SYS";"M_OBJECT_LOCKS";"VIEW";"FALSE"
"PUBLIC";"M_DEBUG_SESSIONS";"146533";"null";"H00";"SYS";"M_DEBUG_SESSIONS";"VIEW";"FALSE"
"PUBLIC";"M_DEBUG_CONNECTIONS";"146534";"null";"H00";"SYS";"M_DEBUG_CONNECTIONS";"VIEW";"FALSE"
"PUBLIC";"M_SQLSCRIPT_CODE_COVERAGE_OBJECT_DEFINITIONS";"146535";"null";"H00";"SYS";"M_SQLSCRIPT_CODE_COVERAGE_OBJECT_DEFINITIONS";"VIEW";"FALSE"
"PUBLIC";"M_SQLSCRIPT_CODE_COVERAGE_RESULTS";"146536";"null";"H00";"SYS";"M_SQLSCRIPT_CODE_COVERAGE_RESULTS";"VIEW";"FALSE"
"PUBLIC";"M_SEQUENCES";"146537";"null";"H00";"SYS";"M_SEQUENCES";"VIEW";"FALSE"
"PUBLIC";"M_TEMPORARY_KEY_FIGURES";"146538";"null";"H00";"SYS";"M_TEMPORARY_KEY_FIGURES";"VIEW";"FALSE"
"PUBLIC";"M_TEMPORARY_JOIN_CONDITIONS";"146539";"null";"H00";"SYS";"M_TEMPORARY_JOIN_CONDITIONS";"VIEW";"FALSE"
"PUBLIC";"M_TEMPORARY_JOIN_CONSTRAINTS";"146540";"null";"H00";"SYS";"M_TEMPORARY_JOIN_CONSTRAINTS";"VIEW";"FALSE"
"PUBLIC";"M_CS_COLUMNS_PERSISTENCE";"146541";"null";"H00";"SYS";"M_CS_COLUMNS_PERSISTENCE";"VIEW";"FALSE"
"PUBLIC";"M_EPM_SESSIONS";"146542";"null";"H00";"SYS";"M_EPM_SESSIONS";"VIEW";"FALSE"
"PUBLIC";"M_REMOTE_SUBSCRIPTION_COMPONENTS";"146543";"null";"H00";"SYS";"M_REMOTE_SUBSCRIPTION_COMPONENTS";"VIEW";"FALSE"
"PUBLIC";"M_REMOTE_SUBSCRIPTION_STATISTICS";"146544";"null";"H00";"SYS";"M_REMOTE_SUBSCRIPTION_STATISTICS";"VIEW";"FALSE"
"PUBLIC";"M_REMOTE_SOURCE_LATENCY_HISTORY";"146545";"null";"H00";"SYS";"M_REMOTE_SOURCE_LATENCY_HISTORY";"VIEW";"FALSE"
"PUBLIC";"M_REMOTE_SOURCE_LATENCY_STATUS";"146546";"null";"H00";"SYS";"M_REMOTE_SOURCE_LATENCY_STATUS";"VIEW";"FALSE"
"PUBLIC";"M_REMOTE_SOURCE_STATISTICS";"146547";"null";"H00";"SYS";"M_REMOTE_SOURCE_STATISTICS";"VIEW";"FALSE"
"PUBLIC";"M_REMOTE_QUERY_STATISTICS";"146548";"null";"H00";"SYS";"M_REMOTE_QUERY_STATISTICS";"VIEW";"FALSE"
"PUBLIC";"M_AGENTS";"146549";"null";"H00";"SYS";"M_AGENTS";"VIEW";"FALSE"
"PUBLIC";"M_RESULT_CACHE";"146550";"null";"H00";"SYS";"M_RESULT_CACHE";"VIEW";"FALSE"
"PUBLIC";"M_RESULT_CACHE_EXCLUSIONS";"146551";"null";"H00";"SYS";"M_RESULT_CACHE_EXCLUSIONS";"VIEW";"FALSE"
"PUBLIC";"M_REMOTE_SUBSCRIPTIONS";"146552";"null";"H00";"SYS";"M_REMOTE_SUBSCRIPTIONS";"VIEW";"FALSE"
"PUBLIC";"M_REMOTE_SUBSCRIPTION_COMMIT_SEQUENCE_GROUP_CONTAINERS";"146553";"null";"H00";"SYS";"M_REMOTE_SUBSCRIPTION_COMMIT_SEQUENCE_GROUP_CONTAINERS";"VIEW";"FALSE"
"PUBLIC";"M_REMOTE_SUBSCRIPTION_COMMIT_SEQUENCE_CONTAINERS";"146554";"null";"H00";"SYS";"M_REMOTE_SUBSCRIPTION_COMMIT_SEQUENCE_CONTAINERS";"VIEW";"FALSE"
"PUBLIC";"M_REMOTE_SUBSCRIPTION_TRANSACTION_CONTAINERS";"146555";"null";"H00";"SYS";"M_REMOTE_SUBSCRIPTION_TRANSACTION_CONTAINERS";"VIEW";"FALSE"
"PUBLIC";"M_REMOTE_SUBSCRIPTION_ROLLBACK_SAVEPOINT_CONTAINERS";"146556";"null";"H00";"SYS";"M_REMOTE_SUBSCRIPTION_ROLLBACK_SAVEPOINT_CONTAINERS";"VIEW";"FALSE"
"PUBLIC";"M_REMOTE_SUBSCRIPTION_LOB_CONTAINERS";"146557";"null";"H00";"SYS";"M_REMOTE_SUBSCRIPTION_LOB_CONTAINERS";"VIEW";"FALSE"
"PUBLIC";"M_REMOTE_SUBSCRIPTION_DISTRIBUTOR_QUEUE_DATA_CONTAINERS";"146558";"null";"H00";"SYS";"M_REMOTE_SUBSCRIPTION_DISTRIBUTOR_QUEUE_DATA_CONTAINERS";"VIEW";"FALSE"
"PUBLIC";"M_DISK_USAGE";"146559";"null";"H00";"SYS";"M_DISK_USAGE";"VIEW";"FALSE"
"PUBLIC";"M_JOIN_TRANSLATION_TABLES";"146560";"null";"H00";"SYS";"M_JOIN_TRANSLATION_TABLES";"VIEW";"FALSE"
"PUBLIC";"M_JOIN_DATA_STATISTICS";"146561";"null";"H00";"SYS";"M_JOIN_DATA_STATISTICS";"VIEW";"FALSE"
"PUBLIC";"M_JOINENGINE_STATISTICS";"146562";"null";"H00";"SYS";"M_JOINENGINE_STATISTICS";"VIEW";"FALSE"
"PUBLIC";"M_TABLE_REPLICAS";"146563";"null";"H00";"SYS";"M_TABLE_REPLICAS";"VIEW";"FALSE"
"PUBLIC";"M_REMOTE_TABLE_REPLICAS";"146564";"null";"H00";"SYS";"M_REMOTE_TABLE_REPLICAS";"VIEW";"FALSE"
"PUBLIC";"M_TABLE_REPLICAS_RESET";"146565";"null";"H00";"SYS";"M_TABLE_REPLICAS_RESET";"VIEW";"FALSE"
"PUBLIC";"M_TABLE_REPLICATION_VOLUME_STATISTICS";"146566";"null";"H00";"SYS";"M_TABLE_REPLICATION_VOLUME_STATISTICS";"VIEW";"FALSE"
"PUBLIC";"M_TABLE_REPLICATION_VOLUME_STATISTICS_RESET";"146567";"null";"H00";"SYS";"M_TABLE_REPLICATION_VOLUME_STATISTICS_RESET";"VIEW";"FALSE"
"PUBLIC";"M_TABLE_REPLICATION_VOLUME_HISTORY";"146568";"null";"H00";"SYS";"M_TABLE_REPLICATION_VOLUME_HISTORY";"VIEW";"FALSE"
"PUBLIC";"M_VIRTUAL_TABLE_REPLICAS";"146569";"null";"H00";"SYS";"M_VIRTUAL_TABLE_REPLICAS";"VIEW";"FALSE"
"PUBLIC";"M_VIRTUAL_TABLE_REPLICA_ACTION_HISTORY";"146570";"null";"H00";"SYS";"M_VIRTUAL_TABLE_REPLICA_ACTION_HISTORY";"VIEW";"FALSE"
"PUBLIC";"M_REPLICATION_LOG";"146571";"null";"H00";"SYS";"M_REPLICATION_LOG";"VIEW";"FALSE"
"PUBLIC";"PINNED_SQL_PLANS";"146572";"null";"H00";"SYS";"PINNED_SQL_PLANS";"VIEW";"FALSE"
"PUBLIC";"HINTS";"146573";"null";"H00";"SYS";"HINTS";"VIEW";"FALSE"
"PUBLIC";"CS_ALL_COLUMNS";"146574";"null";"H00";"SYS";"CS_ALL_COLUMNS";"VIEW";"FALSE"
"PUBLIC";"COLLATIONS";"146575";"null";"H00";"SYS";"COLLATIONS";"VIEW";"FALSE"
"PUBLIC";"M_HOST_NETWORK_STATISTICS";"146576";"null";"H00";"SYS";"M_HOST_NETWORK_STATISTICS";"VIEW";"FALSE"
"PUBLIC";"M_TIMEZONE_ALERTS";"146577";"null";"H00";"SYS";"M_TIMEZONE_ALERTS";"VIEW";"FALSE"
"PUBLIC";"TIMEZONES";"146578";"null";"H00";"SYS";"TIMEZONES";"VIEW";"FALSE"
"PUBLIC";"AGENT_CONFIGURATION";"146579";"null";"H00";"SYS";"AGENT_CONFIGURATION";"VIEW";"FALSE"
"PUBLIC";"M_AFL_FUNCTIONS";"146580";"null";"H00";"SYS";"M_AFL_FUNCTIONS";"VIEW";"FALSE"
"PUBLIC";"M_AFL_STATES";"146581";"null";"H00";"SYS";"M_AFL_STATES";"VIEW";"FALSE"
"PUBLIC";"M_WORKLOAD_CAPTURES";"146582";"null";"H00";"SYS";"M_WORKLOAD_CAPTURES";"VIEW";"FALSE"
"PUBLIC";"M_WORKLOAD_REPLAY_PREPROCESSES";"146583";"null";"H00";"SYS";"M_WORKLOAD_REPLAY_PREPROCESSES";"VIEW";"FALSE"
"PUBLIC";"M_WORKLOAD_REPLAYS";"146584";"null";"H00";"SYS";"M_WORKLOAD_REPLAYS";"VIEW";"FALSE"
"PUBLIC";"M_SQL_PLAN_CACHE";"146585";"null";"H00";"SYS";"M_SQL_PLAN_CACHE";"VIEW";"FALSE"
"PUBLIC";"M_SQL_PLAN_CACHE_RESET";"146586";"null";"H00";"SYS";"M_SQL_PLAN_CACHE_RESET";"VIEW";"FALSE"
"PUBLIC";"M_SQL_PLAN_STATISTICS";"146587";"null";"H00";"SYS";"M_SQL_PLAN_STATISTICS";"VIEW";"FALSE"
"PUBLIC";"M_SQL_PLAN_STATISTICS_RESET";"146588";"null";"H00";"SYS";"M_SQL_PLAN_STATISTICS_RESET";"VIEW";"FALSE"
"PUBLIC";"M_SQL_PLAN_ADVISOR";"146589";"null";"H00";"SYS";"M_SQL_PLAN_ADVISOR";"VIEW";"FALSE"
"PUBLIC";"M_DSO_OPERATIONS";"146590";"null";"H00";"SYS";"M_DSO_OPERATIONS";"VIEW";"FALSE"
"PUBLIC";"M_DYNAMIC_RESULT_CACHE";"146591";"null";"H00";"SYS";"M_DYNAMIC_RESULT_CACHE";"VIEW";"FALSE"
"PUBLIC";"M_DYNAMIC_RESULT_CACHE_EXCLUSIONS";"146592";"null";"H00";"SYS";"M_DYNAMIC_RESULT_CACHE_EXCLUSIONS";"VIEW";"FALSE"
"PUBLIC";"M_SYSTEM_REPLICATION_MVCC_HISTORY";"146593";"null";"H00";"SYS";"M_SYSTEM_REPLICATION_MVCC_HISTORY";"VIEW";"FALSE"
"PUBLIC";"M_ADMISSION_CONTROL_STATISTICS";"146594";"null";"H00";"SYS";"M_ADMISSION_CONTROL_STATISTICS";"VIEW";"FALSE"
"PUBLIC";"M_ADMISSION_CONTROL_QUEUES";"146595";"null";"H00";"SYS";"M_ADMISSION_CONTROL_QUEUES";"VIEW";"FALSE"
"PUBLIC";"M_ADMISSION_CONTROL_EVENTS";"146596";"null";"H00";"SYS";"M_ADMISSION_CONTROL_EVENTS";"VIEW";"FALSE"
"PUBLIC";"M_DATA_STATISTICS";"146597";"null";"H00";"SYS";"M_DATA_STATISTICS";"VIEW";"FALSE"
"PUBLIC";"M_METADATA_CACHE_STATISTICS";"146598";"null";"H00";"SYS";"M_METADATA_CACHE_STATISTICS";"VIEW";"FALSE"
"PUBLIC";"M_MULTIDIMENSIONAL_STATEMENT_STATISTICS";"146599";"null";"H00";"SYS";"M_MULTIDIMENSIONAL_STATEMENT_STATISTICS";"VIEW";"FALSE"
"PUBLIC";"M_MULTIDIMENSIONAL_STATEMENTS";"146600";"null";"H00";"SYS";"M_MULTIDIMENSIONAL_STATEMENTS";"VIEW";"FALSE"
"PUBLIC";"M_SYSTEM_DATA_STATISTICS";"146601";"null";"H00";"SYS";"M_SYSTEM_DATA_STATISTICS";"VIEW";"FALSE"
"PUBLIC";"M_MEMORY_PROFILER";"146602";"null";"H00";"SYS";"M_MEMORY_PROFILER";"VIEW";"FALSE"
"PUBLIC";"M_BACKUP_HISTORY_BROKEN";"146603";"null";"H00";"SYS";"M_BACKUP_HISTORY_BROKEN";"VIEW";"FALSE"
"PUBLIC";"M_SCHEDULER_JOBS";"146604";"null";"H00";"SYS";"M_SCHEDULER_JOBS";"VIEW";"FALSE"
"PUBLIC";"M_WORKLOAD_CLASS_STATISTICS";"146605";"null";"H00";"SYS";"M_WORKLOAD_CLASS_STATISTICS";"VIEW";"FALSE"
"PUBLIC";"M_SYSTEM_STATISTICS";"146606";"null";"H00";"SYS";"M_SYSTEM_STATISTICS";"VIEW";"FALSE"
"PUBLIC";"M_LLANG_STATISTICS";"146607";"null";"H00";"SYS";"M_LLANG_STATISTICS";"VIEW";"FALSE"
"PUBLIC";"M_SQL_ANALYZER_PLAN_TRACE_OVERVIEW";"146608";"null";"H00";"SYS";"M_SQL_ANALYZER_PLAN_TRACE_OVERVIEW";"VIEW";"FALSE"
"PUBLIC";"M_SQL_ANALYZER_PLAN_TRACES";"146609";"null";"H00";"SYS";"M_SQL_ANALYZER_PLAN_TRACES";"VIEW";"FALSE"
"PUBLIC";"M_SQL_PLAN_EXECUTION_OVERVIEW";"146610";"null";"H00";"SYS";"M_SQL_PLAN_EXECUTION_OVERVIEW";"VIEW";"FALSE"
"PUBLIC";"QUERY_PLANS";"138977";"null";"H00";"SYS";"QUERY_PLANS";"VIEW";"FALSE"
"PUBLIC";"EXPLAIN_PLAN_TABLE";"138978";"null";"H00";"SYS";"EXPLAIN_PLAN_TABLE";"VIEW";"FALSE"
"PUBLIC";"EXPLAIN_CALL_PLANS";"138979";"null";"H00";"SYS";"EXPLAIN_CALL_PLANS";"VIEW";"FALSE"
"PUBLIC";"OBJECTS";"138980";"null";"H00";"SYS";"OBJECTS";"VIEW";"FALSE"
"PUBLIC";"ROLES";"138981";"null";"H00";"SYS";"ROLES";"VIEW";"FALSE"
"PUBLIC";"PRIVILEGES";"138982";"null";"H00";"SYS";"PRIVILEGES";"VIEW";"FALSE"
"PUBLIC";"GRANTED_ROLES";"138983";"null";"H00";"SYS";"GRANTED_ROLES";"VIEW";"FALSE"
"PUBLIC";"GRANTED_PRIVILEGES";"138984";"null";"H00";"SYS";"GRANTED_PRIVILEGES";"VIEW";"FALSE"
"PUBLIC";"EFFECTIVE_PRIVILEGE_GRANTEES";"138985";"null";"H00";"SYS";"EFFECTIVE_PRIVILEGE_GRANTEES";"VIEW";"FALSE"
"PUBLIC";"EFFECTIVE_PRIVILEGES";"138986";"null";"H00";"SYS";"EFFECTIVE_PRIVILEGES";"VIEW";"FALSE"
"PUBLIC";"EFFECTIVE_ROLES";"138987";"null";"H00";"SYS";"EFFECTIVE_ROLES";"VIEW";"FALSE"
"PUBLIC";"EFFECTIVE_ROLE_GRANTEES";"138988";"null";"H00";"SYS";"EFFECTIVE_ROLE_GRANTEES";"VIEW";"FALSE"
"PUBLIC";"EFFECTIVE_MASK_EXPRESSIONS";"138989";"null";"H00";"SYS";"EFFECTIVE_MASK_EXPRESSIONS";"VIEW";"FALSE"
"PUBLIC";"EFFECTIVE_STRUCTURED_PRIVILEGES";"138990";"null";"H00";"SYS";"EFFECTIVE_STRUCTURED_PRIVILEGES";"VIEW";"FALSE"
"PUBLIC";"STRUCTURED_PRIVILEGES";"138991";"null";"H00";"SYS";"STRUCTURED_PRIVILEGES";"VIEW";"FALSE"
"PUBLIC";"STRUCTURED_FILTERS";"138992";"null";"H00";"SYS";"STRUCTURED_FILTERS";"VIEW";"FALSE"
"PUBLIC";"AUDIT_POLICIES";"138993";"null";"H00";"SYS";"AUDIT_POLICIES";"VIEW";"FALSE"
"PUBLIC";"AUDIT_ACTIONS";"138994";"null";"H00";"SYS";"AUDIT_ACTIONS";"VIEW";"FALSE"
"PUBLIC";"USER_PARAMETERS";"138995";"null";"H00";"SYS";"USER_PARAMETERS";"VIEW";"FALSE"
"PUBLIC";"CS_BO_VIEWS";"138996";"null";"H00";"SYS";"CS_BO_VIEWS";"VIEW";"FALSE"
"PUBLIC";"CS_JOIN_CONSTRAINTS";"138997";"null";"H00";"SYS";"CS_JOIN_CONSTRAINTS";"VIEW";"FALSE"
"PUBLIC";"CS_FREESTYLE_COLUMNS";"138998";"null";"H00";"SYS";"CS_FREESTYLE_COLUMNS";"VIEW";"FALSE"
"PUBLIC";"CS_JOIN_TABLES";"138999";"null";"H00";"SYS";"CS_JOIN_TABLES";"VIEW";"FALSE"
"PUBLIC";"CS_KEY_FIGURES";"139000";"null";"H00";"SYS";"CS_KEY_FIGURES";"VIEW";"FALSE"
"PUBLIC";"CS_JOIN_CONDITIONS";"139001";"null";"H00";"SYS";"CS_JOIN_CONDITIONS";"VIEW";"FALSE"
"PUBLIC";"CS_VIEW_COLUMNS";"139002";"null";"H00";"SYS";"CS_VIEW_COLUMNS";"VIEW";"FALSE"
"PUBLIC";"ACCESSIBLE_VIEWS";"139003";"null";"H00";"SYS";"ACCESSIBLE_VIEWS";"VIEW";"FALSE"
"PUBLIC";"AUTHORIZATION_TYPES";"139004";"null";"H00";"SYS";"AUTHORIZATION_TYPES";"VIEW";"FALSE"
"PUBLIC";"AUTHORIZATION_GRAPH";"139005";"null";"H00";"SYS";"AUTHORIZATION_GRAPH";"VIEW";"FALSE"
"PUBLIC";"TABLE_GROUPS";"139006";"null";"H00";"SYS";"TABLE_GROUPS";"VIEW";"FALSE"
"PUBLIC";"REMOTE_SOURCES";"139007";"null";"H00";"SYS";"REMOTE_SOURCES";"VIEW";"FALSE"
"PUBLIC";"VIRTUAL_TABLES";"139008";"null";"H00";"SYS";"VIRTUAL_TABLES";"VIEW";"FALSE"
"PUBLIC";"VIRTUAL_COLUMNS";"139009";"null";"H00";"SYS";"VIRTUAL_COLUMNS";"VIEW";"FALSE"
"PUBLIC";"SEARCH_RULE_SETS";"139010";"null";"H00";"SYS";"SEARCH_RULE_SETS";"VIEW";"FALSE"
"PUBLIC";"SEARCH_RULE_SET_CONDITIONS";"139011";"null";"H00";"SYS";"SEARCH_RULE_SET_CONDITIONS";"VIEW";"FALSE"
"PUBLIC";"AFL_AREAS";"139012";"null";"H00";"SYS";"AFL_AREAS";"VIEW";"FALSE"
"PUBLIC";"AFL_FUNCTIONS";"139013";"null";"H00";"SYS";"AFL_FUNCTIONS";"VIEW";"FALSE"
"PUBLIC";"AFL_FUNCTION_PARAMETERS";"139014";"null";"H00";"SYS";"AFL_FUNCTION_PARAMETERS";"VIEW";"FALSE"
"PUBLIC";"AFL_FUNCTION_PROPERTIES";"139015";"null";"H00";"SYS";"AFL_FUNCTION_PROPERTIES";"VIEW";"FALSE"
"PUBLIC";"AFL_PACKAGES";"139016";"null";"H00";"SYS";"AFL_PACKAGES";"VIEW";"FALSE"
"PUBLIC";"AFL_TEXTS";"139017";"null";"H00";"SYS";"AFL_TEXTS";"VIEW";"FALSE"
"PUBLIC";"RESERVED_KEYWORDS";"139018";"null";"H00";"SYS";"RESERVED_KEYWORDS";"VIEW";"FALSE"
"PUBLIC";"TABLE_PLACEMENT";"139019";"null";"H00";"SYS";"TABLE_PLACEMENT";"VIEW";"FALSE"
"PUBLIC";"TABLE_PLACEMENT_LOCATIONS";"139020";"null";"H00";"SYS";"TABLE_PLACEMENT_LOCATIONS";"VIEW";"FALSE"
"PUBLIC";"DATA_STATISTICS";"139021";"null";"H00";"SYS";"DATA_STATISTICS";"VIEW";"FALSE"
"PUBLIC";"ST_UNITS_OF_MEASURE";"139022";"null";"H00";"SYS";"ST_UNITS_OF_MEASURE";"VIEW";"FALSE"
"PUBLIC";"ST_SPATIAL_REFERENCE_SYSTEMS";"139023";"null";"H00";"SYS";"ST_SPATIAL_REFERENCE_SYSTEMS";"VIEW";"FALSE"
"PUBLIC";"ST_GEOMETRY_COLUMNS";"139024";"null";"H00";"SYS";"ST_GEOMETRY_COLUMNS";"VIEW";"FALSE"
"PUBLIC";"TASKS";"139025";"null";"H00";"SYS";"TASKS";"VIEW";"FALSE"
"PUBLIC";"TASK_PARAMETERS";"139026";"null";"H00";"SYS";"TASK_PARAMETERS";"VIEW";"FALSE"
"PUBLIC";"ADAPTERS";"139027";"null";"H00";"SYS";"ADAPTERS";"VIEW";"FALSE"
"PUBLIC";"ADAPTER_LOCATIONS";"139028";"null";"H00";"SYS";"ADAPTER_LOCATIONS";"VIEW";"FALSE"
"PUBLIC";"ADAPTER_CAPABILITIES";"139029";"null";"H00";"SYS";"ADAPTER_CAPABILITIES";"VIEW";"FALSE"
"PUBLIC";"AGENTS";"139030";"null";"H00";"SYS";"AGENTS";"VIEW";"FALSE"
"PUBLIC";"AGENT_GROUPS";"139031";"null";"H00";"SYS";"AGENT_GROUPS";"VIEW";"FALSE"
"PUBLIC";"REMOTE_SUBSCRIPTIONS";"139032";"null";"H00";"SYS";"REMOTE_SUBSCRIPTIONS";"VIEW";"FALSE"
"PUBLIC";"REMOTE_SUBSCRIPTION_EXCEPTIONS";"139033";"null";"H00";"SYS";"REMOTE_SUBSCRIPTION_EXCEPTIONS";"VIEW";"FALSE"
"PUBLIC";"WORKLOAD_CLASSES";"139034";"null";"H00";"SYS";"WORKLOAD_CLASSES";"VIEW";"FALSE"
"PUBLIC";"WORKLOAD_MAPPINGS";"139035";"null";"H00";"SYS";"WORKLOAD_MAPPINGS";"VIEW";"FALSE"
"PUBLIC";"GRAPH_WORKSPACES";"139036";"null";"H00";"SYS";"GRAPH_WORKSPACES";"VIEW";"FALSE"
"PUBLIC";"GRAPH_WORKSPACE_COLUMNS";"139037";"null";"H00";"SYS";"GRAPH_WORKSPACE_COLUMNS";"VIEW";"FALSE"
"PUBLIC";"HIERARCHY_OBJECTS";"139038";"null";"H00";"SYS";"HIERARCHY_OBJECTS";"VIEW";"FALSE"
"PUBLIC";"REMOTE_SOURCE_OBJECTS";"139039";"null";"H00";"SYS";"REMOTE_SOURCE_OBJECTS";"VIEW";"FALSE"
"PUBLIC";"REMOTE_SOURCE_OBJECT_DESCRIPTIONS";"139040";"null";"H00";"SYS";"REMOTE_SOURCE_OBJECT_DESCRIPTIONS";"VIEW";"FALSE"
"PUBLIC";"REMOTE_SOURCE_OBJECT_COLUMNS";"139041";"null";"H00";"SYS";"REMOTE_SOURCE_OBJECT_COLUMNS";"VIEW";"FALSE"
"PUBLIC";"REMOTE_SOURCE_OBJECT_COLUMN_DESCRIPTIONS";"139042";"null";"H00";"SYS";"REMOTE_SOURCE_OBJECT_COLUMN_DESCRIPTIONS";"VIEW";"FALSE"
"PUBLIC";"REMOTE_SOURCE_OBJECT_COLUMN_CONSTRAINTS";"139043";"null";"H00";"SYS";"REMOTE_SOURCE_OBJECT_COLUMN_CONSTRAINTS";"VIEW";"FALSE"
"PUBLIC";"REMOTE_SUBSCRIPTION_DATA_CONTAINERS";"139044";"null";"H00";"SYS";"REMOTE_SUBSCRIPTION_DATA_CONTAINERS";"VIEW";"FALSE"
"PUBLIC";"ASSOCIATIONS";"139045";"null";"H00";"SYS";"ASSOCIATIONS";"VIEW";"FALSE"
"PUBLIC";"ANNOTATIONS";"139046";"null";"H00";"SYS";"ANNOTATIONS";"VIEW";"FALSE"
"PUBLIC";"VIEW_EXPRESSION_MACROS";"139047";"null";"H00";"SYS";"VIEW_EXPRESSION_MACROS";"VIEW";"FALSE"
"PUBLIC";"LDAP_PROVIDERS";"139048";"null";"H00";"SYS";"LDAP_PROVIDERS";"VIEW";"FALSE"
"PUBLIC";"LDAP_PROVIDER_URLS";"139049";"null";"H00";"SYS";"LDAP_PROVIDER_URLS";"VIEW";"FALSE"
"PUBLIC";"ROLE_LDAP_GROUPS";"139050";"null";"H00";"SYS";"ROLE_LDAP_GROUPS";"VIEW";"FALSE"
"PUBLIC";"LDAP_USERS";"139051";"null";"H00";"SYS";"LDAP_USERS";"VIEW";"FALSE"
"PUBLIC";"TRIGGER_ORDERS";"139052";"null";"H00";"SYS";"TRIGGER_ORDERS";"VIEW";"FALSE"
"PUBLIC";"DEPENDENCY_RULES";"139053";"null";"H00";"SYS";"DEPENDENCY_RULES";"VIEW";"FALSE"
"PUBLIC";"DEPENDENCY_RULE_COLUMNS";"139054";"null";"H00";"SYS";"DEPENDENCY_RULE_COLUMNS";"VIEW";"FALSE"
"PUBLIC";"VIEW_PARAMETERS";"139055";"null";"H00";"SYS";"VIEW_PARAMETERS";"VIEW";"FALSE"
"PUBLIC";"CLIENTSIDE_ENCRYPTION_COLUMN_KEYS";"139056";"null";"H00";"SYS";"CLIENTSIDE_ENCRYPTION_COLUMN_KEYS";"VIEW";"FALSE"
"PUBLIC";"CLIENTSIDE_ENCRYPTION_KEYPAIRS";"139057";"null";"H00";"SYS";"CLIENTSIDE_ENCRYPTION_KEYPAIRS";"VIEW";"FALSE"
"PUBLIC";"TEMPORAL_TABLES";"139058";"null";"H00";"SYS";"TEMPORAL_TABLES";"VIEW";"FALSE"
"PUBLIC";"CS_JOIN_PATHS";"139059";"null";"H00";"SYS";"CS_JOIN_PATHS";"VIEW";"FALSE"
"PUBLIC";"PARTITIONED_TABLES";"139060";"null";"H00";"SYS";"PARTITIONED_TABLES";"VIEW";"FALSE"
"PUBLIC";"TABLE_PARTITIONS";"139061";"null";"H00";"SYS";"TABLE_PARTITIONS";"VIEW";"FALSE"
"PUBLIC";"SQLSCRIPT_ANALYZER_RULES";"139062";"null";"H00";"SYS";"SQLSCRIPT_ANALYZER_RULES";"VIEW";"FALSE"
"PUBLIC";"ENCRYPTION_ROOT_KEYS";"139063";"null";"H00";"SYS";"ENCRYPTION_ROOT_KEYS";"VIEW";"FALSE"
"PUBLIC";"APPLICATION_ENCRYPTION_KEYS";"139064";"null";"H00";"SYS";"APPLICATION_ENCRYPTION_KEYS";"VIEW";"FALSE"
"PUBLIC";"REORG_STEPS";"139065";"null";"H00";"SYS";"REORG_STEPS";"VIEW";"FALSE"
"PUBLIC";"REORG_OVERVIEW";"139066";"null";"H00";"SYS";"REORG_OVERVIEW";"VIEW";"FALSE"
"PUBLIC";"REORG_GENERATE_OVERVIEW";"139067";"null";"H00";"SYS";"REORG_GENERATE_OVERVIEW";"VIEW";"FALSE"
"PUBLIC";"VIRTUAL_TABLE_PROPERTIES";"139068";"null";"H00";"SYS";"VIRTUAL_TABLE_PROPERTIES";"VIEW";"FALSE"
"PUBLIC";"VIRTUAL_COLUMN_PROPERTIES";"139069";"null";"H00";"SYS";"VIRTUAL_COLUMN_PROPERTIES";"VIEW";"FALSE"
"PUBLIC";"VIRTUAL_TABLE_PARAMETERS";"139070";"null";"H00";"SYS";"VIRTUAL_TABLE_PARAMETERS";"VIEW";"FALSE"
"PUBLIC";"LIBRARIES";"139071";"null";"H00";"SYS";"LIBRARIES";"VIEW";"FALSE"
"PUBLIC";"LIBRARY_MEMBERS";"139072";"null";"H00";"SYS";"LIBRARY_MEMBERS";"VIEW";"FALSE"
"PUBLIC";"STATEMENT_HINTS";"139073";"null";"H00";"SYS";"STATEMENT_HINTS";"VIEW";"FALSE"
"PUBLIC";"CS_CONCAT_COLUMNS";"139074";"null";"H00";"SYS";"CS_CONCAT_COLUMNS";"VIEW";"FALSE"
"PUBLIC";"ANONYMIZATION_VIEWS";"139075";"null";"H00";"SYS";"ANONYMIZATION_VIEWS";"VIEW";"FALSE"
"PUBLIC";"ANONYMIZATION_VIEW_COLUMNS";"139076";"null";"H00";"SYS";"ANONYMIZATION_VIEW_COLUMNS";"VIEW";"FALSE"
"PUBLIC";"PERSISTENCE_HISTORY";"139077";"null";"H00";"SYS";"PERSISTENCE_HISTORY";"VIEW";"FALSE"
"PUBLIC";"APPLICATION_CONNECTION_HISTORY";"139078";"null";"H00";"SYS";"APPLICATION_CONNECTION_HISTORY";"VIEW";"FALSE"
"PUBLIC";"TENANTS";"139079";"null";"H00";"SYS";"TENANTS";"VIEW";"FALSE"
"PUBLIC";"TENANT_OBJECTS";"139080";"null";"H00";"SYS";"TENANT_OBJECTS";"VIEW";"FALSE"
"PUBLIC";"EFFECTIVE_TENANT_OBJECTS";"139081";"null";"H00";"SYS";"EFFECTIVE_TENANT_OBJECTS";"VIEW";"FALSE"
"PUBLIC";"ESH_MODEL";"139082";"null";"H00";"SYS";"ESH_MODEL";"VIEW";"FALSE"
"PUBLIC";"ESH_MODEL_PROPERTY";"139083";"null";"H00";"SYS";"ESH_MODEL_PROPERTY";"VIEW";"FALSE"
"PUBLIC";"ANALYTIC_MODELS";"139084";"null";"H00";"SYS";"ANALYTIC_MODELS";"VIEW";"FALSE"
"PUBLIC";"ANALYTIC_MODEL_MANAGED_OBJECTS";"139085";"null";"H00";"SYS";"ANALYTIC_MODEL_MANAGED_OBJECTS";"VIEW";"FALSE"
"PUBLIC";"VIRTUAL_TABLE_FILES";"139086";"null";"H00";"SYS";"VIRTUAL_TABLE_FILES";"VIEW";"FALSE"
"PUBLIC";"M_REMOTE_SUBSCRIPTION_INITIAL_LOADS";"139087";"null";"H00";"SYS";"M_REMOTE_SUBSCRIPTION_INITIAL_LOADS";"VIEW";"FALSE"
"PUBLIC";"M_TABLE_STATISTICS_RESET";"146386";"null";"H00";"SYS";"M_TABLE_STATISTICS_RESET";"VIEW";"FALSE"
"PUBLIC";"M_SQL_PLAN_EXECUTION_STATEMENTS";"146611";"null";"H00";"SYS";"M_SQL_PLAN_EXECUTION_STATEMENTS";"VIEW";"FALSE"
"PUBLIC";"M_SQL_PLAN_EXECUTION_OPERATORS";"146612";"null";"H00";"SYS";"M_SQL_PLAN_EXECUTION_OPERATORS";"VIEW";"FALSE"
"PUBLIC";"M_CS_INTERNAL_COLUMNS";"146613";"null";"H00";"SYS";"M_CS_INTERNAL_COLUMNS";"VIEW";"FALSE"
"PUBLIC";"M_CS_ACCESS_STATISTICS";"146614";"null";"H00";"SYS";"M_CS_ACCESS_STATISTICS";"VIEW";"FALSE"
"PUBLIC";"M_OUTBOUND_NETWORK_IO";"146615";"null";"H00";"SYS";"M_OUTBOUND_NETWORK_IO";"VIEW";"FALSE"
"PUBLIC";"M_TENANT_PERSISTENCE";"146616";"null";"H00";"SYS";"M_TENANT_PERSISTENCE";"VIEW";"FALSE"
"PUBLIC";"M_APPLICATION_LOCKS";"146617";"null";"H00";"SYS";"M_APPLICATION_LOCKS";"VIEW";"FALSE"
"PUBLIC";"M_CACHES";"146618";"null";"H00";"SYS";"M_CACHES";"VIEW";"FALSE"
"PUBLIC";"M_CACHES_RESET";"146619";"null";"H00";"SYS";"M_CACHES_RESET";"VIEW";"FALSE"
"PUBLIC";"M_CS_MVCC";"146620";"null";"H00";"SYS";"M_CS_MVCC";"VIEW";"FALSE"
"PUBLIC";"M_MVCC_OVERVIEW";"146621";"null";"H00";"SYS";"M_MVCC_OVERVIEW";"VIEW";"FALSE"
"PUBLIC";"M_TABLE_SNAPSHOTS";"146622";"null";"H00";"SYS";"M_TABLE_SNAPSHOTS";"VIEW";"FALSE"
"PUBLIC";"M_ABSTRACT_SQL_PLAN_STATISTICS";"146623";"null";"H00";"SYS";"M_ABSTRACT_SQL_PLAN_STATISTICS";"VIEW";"FALSE"
"PUBLIC";"M_RESULT_CACHE_RESET";"146625";"null";"H00";"SYS";"M_RESULT_CACHE_RESET";"VIEW";"FALSE"
"PUBLIC";"M_OBJECT_LOCK_STATISTICS";"146626";"null";"H00";"SYS";"M_OBJECT_LOCK_STATISTICS";"VIEW";"FALSE"
"PUBLIC";"M_OBJECT_LOCK_STATISTICS_RESET";"146627";"null";"H00";"SYS";"M_OBJECT_LOCK_STATISTICS_RESET";"VIEW";"FALSE"
"PUBLIC";"M_LIVECACHE_PROCEDURE_STATISTICS";"146628";"null";"H00";"SYS";"M_LIVECACHE_PROCEDURE_STATISTICS";"VIEW";"FALSE"
"PUBLIC";"M_LIVECACHE_PROCEDURE_STATISTICS_RESET";"146629";"null";"H00";"SYS";"M_LIVECACHE_PROCEDURE_STATISTICS_RESET";"VIEW";"FALSE"
"PUBLIC";"M_LIVECACHE_LOCK_STATISTICS";"146630";"null";"H00";"SYS";"M_LIVECACHE_LOCK_STATISTICS";"VIEW";"FALSE"
"PUBLIC";"M_LIVECACHE_LOCK_STATISTICS_RESET";"146631";"null";"H00";"SYS";"M_LIVECACHE_LOCK_STATISTICS_RESET";"VIEW";"FALSE"
"PUBLIC";"M_LIVECACHE_LOCKS";"146632";"null";"H00";"SYS";"M_LIVECACHE_LOCKS";"VIEW";"FALSE"
"PUBLIC";"M_LIVECACHE_SCHEMA_STATISTICS";"146633";"null";"H00";"SYS";"M_LIVECACHE_SCHEMA_STATISTICS";"VIEW";"FALSE"
"PUBLIC";"M_LIVECACHE_SCHEMA_STATISTICS_RESET";"146634";"null";"H00";"SYS";"M_LIVECACHE_SCHEMA_STATISTICS_RESET";"VIEW";"FALSE"
"PUBLIC";"M_LIVECACHE_CONTAINER_STATISTICS";"146635";"null";"H00";"SYS";"M_LIVECACHE_CONTAINER_STATISTICS";"VIEW";"FALSE"
"PUBLIC";"M_LIVECACHE_CONTAINER_STATISTICS_RESET";"146636";"null";"H00";"SYS";"M_LIVECACHE_CONTAINER_STATISTICS_RESET";"VIEW";"FALSE"
"PUBLIC";"M_LIVECACHE_OMS_VERSIONS";"146637";"null";"H00";"SYS";"M_LIVECACHE_OMS_VERSIONS";"VIEW";"FALSE"
"PUBLIC";"M_UNDO_CLEANUP_FILES";"146638";"null";"H00";"SYS";"M_UNDO_CLEANUP_FILES";"VIEW";"FALSE"
"PUBLIC";"M_SYSTEM_REPLICATION_TIMETRAVEL";"146639";"null";"H00";"SYS";"M_SYSTEM_REPLICATION_TIMETRAVEL";"VIEW";"FALSE"
"PUBLIC";"M_CONTAINER_DIRECTORY";"146640";"null";"H00";"SYS";"M_CONTAINER_DIRECTORY";"VIEW";"FALSE"
"PUBLIC";"M_CONTAINER_NAME_DIRECTORY";"146641";"null";"H00";"SYS";"M_CONTAINER_NAME_DIRECTORY";"VIEW";"FALSE"
"PUBLIC";"M_CONVERTER_STATISTICS";"146642";"null";"H00";"SYS";"M_CONVERTER_STATISTICS";"VIEW";"FALSE"
"PUBLIC";"M_CONVERTER_STATISTICS_RESET";"146643";"null";"H00";"SYS";"M_CONVERTER_STATISTICS_RESET";"VIEW";"FALSE"
"PUBLIC";"M_DATA_VOLUME_PARTITION_STATISTICS";"146644";"null";"H00";"SYS";"M_DATA_VOLUME_PARTITION_STATISTICS";"VIEW";"FALSE"
"PUBLIC";"M_DATA_VOLUME_STATISTICS";"146645";"null";"H00";"SYS";"M_DATA_VOLUME_STATISTICS";"VIEW";"FALSE"
"PUBLIC";"M_DATA_VOLUME_SUPERBLOCK_STATISTICS";"146646";"null";"H00";"SYS";"M_DATA_VOLUME_SUPERBLOCK_STATISTICS";"VIEW";"FALSE"
"PUBLIC";"M_DATA_VOLUME_RECLAIM_STATISTICS";"146647";"null";"H00";"SYS";"M_DATA_VOLUME_RECLAIM_STATISTICS";"VIEW";"FALSE"
"PUBLIC";"M_PAGEACCESS_STATISTICS";"146648";"null";"H00";"SYS";"M_PAGEACCESS_STATISTICS";"VIEW";"FALSE"
"PUBLIC";"M_PAGEACCESS_STATISTICS_RESET";"146649";"null";"H00";"SYS";"M_PAGEACCESS_STATISTICS_RESET";"VIEW";"FALSE"
"PUBLIC";"M_SEMAPHORES_RESET";"146650";"null";"H00";"SYS";"M_SEMAPHORES_RESET";"VIEW";"FALSE"
"PUBLIC";"M_TRACE_CONFIGURATION";"146651";"null";"H00";"SYS";"M_TRACE_CONFIGURATION";"VIEW";"FALSE"
"PUBLIC";"M_TRACE_CONFIGURATION_RESET";"146652";"null";"H00";"SYS";"M_TRACE_CONFIGURATION_RESET";"VIEW";"FALSE"
"PUBLIC";"M_VOLUME_IO_SUBMIT_STATISTICS";"146653";"null";"H00";"SYS";"M_VOLUME_IO_SUBMIT_STATISTICS";"VIEW";"FALSE"
"PUBLIC";"M_VOLUME_IO_SUBMIT_STATISTICS_RESET";"146654";"null";"H00";"SYS";"M_VOLUME_IO_SUBMIT_STATISTICS_RESET";"VIEW";"FALSE"
"PUBLIC";"M_OUT_OF_MEMORY_EVENTS";"146655";"null";"H00";"SYS";"M_OUT_OF_MEMORY_EVENTS";"VIEW";"FALSE"
"PUBLIC";"M_OUT_OF_MEMORY_EVENTS_RESET";"146656";"null";"H00";"SYS";"M_OUT_OF_MEMORY_EVENTS_RESET";"VIEW";"FALSE"
"PUBLIC";"M_MEMORY_RECLAIM_STATISTICS";"146657";"null";"H00";"SYS";"M_MEMORY_RECLAIM_STATISTICS";"VIEW";"FALSE"
"PUBLIC";"M_MEMORY_RECLAIM_STATISTICS_RESET";"146658";"null";"H00";"SYS";"M_MEMORY_RECLAIM_STATISTICS_RESET";"VIEW";"FALSE"
"PUBLIC";"M_HEAP_MEMORY_AREAS";"146659";"null";"H00";"SYS";"M_HEAP_MEMORY_AREAS";"VIEW";"FALSE"
"PUBLIC";"M_SERVICE_MEMORY";"146660";"null";"H00";"SYS";"M_SERVICE_MEMORY";"VIEW";"FALSE"
"PUBLIC";"M_COMPACTION_THREAD";"146661";"null";"H00";"SYS";"M_COMPACTION_THREAD";"VIEW";"FALSE"
"PUBLIC";"M_PERSISTENT_MEMORY_VOLUME_STATISTICS";"146662";"null";"H00";"SYS";"M_PERSISTENT_MEMORY_VOLUME_STATISTICS";"VIEW";"FALSE"
"PUBLIC";"M_PERSISTENT_MEMORY_VOLUME_STATISTICS_RESET";"146663";"null";"H00";"SYS";"M_PERSISTENT_MEMORY_VOLUME_STATISTICS_RESET";"VIEW";"FALSE"
"PUBLIC";"M_PERSISTENT_MEMORY_VOLUME_DATA_FILES";"146664";"null";"H00";"SYS";"M_PERSISTENT_MEMORY_VOLUME_DATA_FILES";"VIEW";"FALSE"
"PUBLIC";"M_PERSISTENT_MEMORY_VOLUMES";"146665";"null";"H00";"SYS";"M_PERSISTENT_MEMORY_VOLUMES";"VIEW";"FALSE"
"PUBLIC";"M_CONDITIONAL_VARIABLES";"146666";"null";"H00";"SYS";"M_CONDITIONAL_VARIABLES";"VIEW";"FALSE"
"PUBLIC";"M_CONDITIONAL_VARIABLES_RESET";"146667";"null";"H00";"SYS";"M_CONDITIONAL_VARIABLES_RESET";"VIEW";"FALSE"
"PUBLIC";"M_EVENTS";"146668";"null";"H00";"SYS";"M_EVENTS";"VIEW";"FALSE"
"PUBLIC";"M_HOST_RESOURCE_UTILIZATION";"146669";"null";"H00";"SYS";"M_HOST_RESOURCE_UTILIZATION";"VIEW";"FALSE"
"PUBLIC";"M_KERNEL_PROFILER";"146670";"null";"H00";"SYS";"M_KERNEL_PROFILER";"VIEW";"FALSE"
"PUBLIC";"M_MEMORY_OBJECT_DISPOSITIONS";"146671";"null";"H00";"SYS";"M_MEMORY_OBJECT_DISPOSITIONS";"VIEW";"FALSE"
"PUBLIC";"M_MEMORY_OBJECTS";"146672";"null";"H00";"SYS";"M_MEMORY_OBJECTS";"VIEW";"FALSE"
"PUBLIC";"M_MEMORY_OBJECTS_RESET";"146673";"null";"H00";"SYS";"M_MEMORY_OBJECTS_RESET";"VIEW";"FALSE"
"PUBLIC";"M_MUTEXES";"146674";"null";"H00";"SYS";"M_MUTEXES";"VIEW";"FALSE"
"PUBLIC";"M_MUTEXES_RESET";"146675";"null";"H00";"SYS";"M_MUTEXES_RESET";"VIEW";"FALSE"
"PUBLIC";"M_NUMA_NODES";"146676";"null";"H00";"SYS";"M_NUMA_NODES";"VIEW";"FALSE"
"PUBLIC";"M_NUMA_RESOURCES";"146677";"null";"H00";"SYS";"M_NUMA_RESOURCES";"VIEW";"FALSE"
"PUBLIC";"M_READWRITELOCKS";"146678";"null";"H00";"SYS";"M_READWRITELOCKS";"VIEW";"FALSE"
"PUBLIC";"M_READWRITELOCKS_RESET";"146679";"null";"H00";"SYS";"M_READWRITELOCKS_RESET";"VIEW";"FALSE"
"PUBLIC";"M_SEMAPHORES";"146680";"null";"H00";"SYS";"M_SEMAPHORES";"VIEW";"FALSE"
"PUBLIC";"M_DELTA_MERGE_STATISTICS";"146681";"null";"H00";"SYS";"M_DELTA_MERGE_STATISTICS";"VIEW";"FALSE"
"PUBLIC";"M_SQL_PLAN_VARIANT_STATISTICS";"146682";"null";"H00";"SYS";"M_SQL_PLAN_VARIANT_STATISTICS";"VIEW";"FALSE"
"PUBLIC";"M_SQL_PLAN_VARIANT_STATISTICS_RESET";"146683";"null";"H00";"SYS";"M_SQL_PLAN_VARIANT_STATISTICS_RESET";"VIEW";"FALSE"
"PUBLIC";"M_TABLE_PERSISTENT_MEMORY_FILES";"146684";"null";"H00";"SYS";"M_TABLE_PERSISTENT_MEMORY_FILES";"VIEW";"FALSE"
"PUBLIC";"M_SERVICE_COMPONENTS";"146685";"null";"H00";"SYS";"M_SERVICE_COMPONENTS";"VIEW";"FALSE"
"PUBLIC";"M_JOBEXECUTOR_WORKER_GROUPS";"146686";"null";"H00";"SYS";"M_JOBEXECUTOR_WORKER_GROUPS";"VIEW";"FALSE"
"PUBLIC";"M_JOBEXECUTOR_WORKER_GROUPS_RESET";"146687";"null";"H00";"SYS";"M_JOBEXECUTOR_WORKER_GROUPS_RESET";"VIEW";"FALSE"
"PUBLIC";"M_JOBEXECUTORS";"146688";"null";"H00";"SYS";"M_JOBEXECUTORS";"VIEW";"FALSE"
"PUBLIC";"M_JOBEXECUTORS_RESET";"146689";"null";"H00";"SYS";"M_JOBEXECUTORS_RESET";"VIEW";"FALSE"
"PUBLIC";"M_VOLUME_IO_DETAILED_STATISTICS";"146690";"null";"H00";"SYS";"M_VOLUME_IO_DETAILED_STATISTICS";"VIEW";"FALSE"
"PUBLIC";"M_VOLUME_IO_DETAILED_STATISTICS_RESET";"146691";"null";"H00";"SYS";"M_VOLUME_IO_DETAILED_STATISTICS_RESET";"VIEW";"FALSE"
"PUBLIC";"M_VOLUME_IO_TOTAL_STATISTICS";"146692";"null";"H00";"SYS";"M_VOLUME_IO_TOTAL_STATISTICS";"VIEW";"FALSE"
"PUBLIC";"M_VOLUME_IO_TOTAL_STATISTICS_RESET";"146693";"null";"H00";"SYS";"M_VOLUME_IO_TOTAL_STATISTICS_RESET";"VIEW";"FALSE"
"PUBLIC";"M_HEAP_MEMORY";"146694";"null";"H00";"SYS";"M_HEAP_MEMORY";"VIEW";"FALSE"
"PUBLIC";"M_HEAP_MEMORY_RESET";"146695";"null";"H00";"SYS";"M_HEAP_MEMORY_RESET";"VIEW";"FALSE"
"PUBLIC";"M_CONTEXT_MEMORY";"146696";"null";"H00";"SYS";"M_CONTEXT_MEMORY";"VIEW";"FALSE"
"PUBLIC";"M_CONTEXT_MEMORY_RESET";"146697";"null";"H00";"SYS";"M_CONTEXT_MEMORY_RESET";"VIEW";"FALSE"
"PUBLIC";"M_SERVICE_NETWORK_IO";"146698";"null";"H00";"SYS";"M_SERVICE_NETWORK_IO";"VIEW";"FALSE"
"PUBLIC";"M_SERVICE_NETWORK_IO_RESET";"146699";"null";"H00";"SYS";"M_SERVICE_NETWORK_IO_RESET";"VIEW";"FALSE"
"PUBLIC";"M_SERVICE_COMPONENT_DETAILS";"146700";"null";"H00";"SYS";"M_SERVICE_COMPONENT_DETAILS";"VIEW";"FALSE"
"PUBLIC";"M_DATA_VOLUME_PAGE_STATISTICS";"146701";"null";"H00";"SYS";"M_DATA_VOLUME_PAGE_STATISTICS";"VIEW";"FALSE"
"PUBLIC";"M_DATA_VOLUME_PAGE_STATISTICS_RESET";"146702";"null";"H00";"SYS";"M_DATA_VOLUME_PAGE_STATISTICS_RESET";"VIEW";"FALSE"
"PUBLIC";"M_DATA_VOLUMES";"146703";"null";"H00";"SYS";"M_DATA_VOLUMES";"VIEW";"FALSE"
"PUBLIC";"M_GARBAGE_COLLECTION_STATISTICS";"146704";"null";"H00";"SYS";"M_GARBAGE_COLLECTION_STATISTICS";"VIEW";"FALSE"
"PUBLIC";"M_GARBAGE_COLLECTION_STATISTICS_RESET";"146705";"null";"H00";"SYS";"M_GARBAGE_COLLECTION_STATISTICS_RESET";"VIEW";"FALSE"
"PUBLIC";"M_LOG_BUFFERS";"146706";"null";"H00";"SYS";"M_LOG_BUFFERS";"VIEW";"FALSE"
"PUBLIC";"M_LOG_BUFFERS_RESET";"146707";"null";"H00";"SYS";"M_LOG_BUFFERS_RESET";"VIEW";"FALSE"
"PUBLIC";"M_LOG_PARTITIONS";"146708";"null";"H00";"SYS";"M_LOG_PARTITIONS";"VIEW";"FALSE"
"PUBLIC";"M_LOG_PARTITIONS_RESET";"146709";"null";"H00";"SYS";"M_LOG_PARTITIONS_RESET";"VIEW";"FALSE"
"PUBLIC";"M_LOG_SEGMENTS";"146710";"null";"H00";"SYS";"M_LOG_SEGMENTS";"VIEW";"FALSE"
"PUBLIC";"M_LOG_SEGMENTS_RESET";"146711";"null";"H00";"SYS";"M_LOG_SEGMENTS_RESET";"VIEW";"FALSE"
"PUBLIC";"M_LOG_REPLAY_QUEUE_STATISTICS";"146712";"null";"H00";"SYS";"M_LOG_REPLAY_QUEUE_STATISTICS";"VIEW";"FALSE"
"PUBLIC";"M_LOG_REPLAY_QUEUE_STATISTICS_RESET";"146713";"null";"H00";"SYS";"M_LOG_REPLAY_QUEUE_STATISTICS_RESET";"VIEW";"FALSE"
"PUBLIC";"M_GARBAGE_COLLECTION_CLEANUP_STATISTICS";"146714";"null";"H00";"SYS";"M_GARBAGE_COLLECTION_CLEANUP_STATISTICS";"VIEW";"FALSE"
"PUBLIC";"M_GARBAGE_COLLECTION_CLEANUP_STATISTICS_RESET";"146715";"null";"H00";"SYS";"M_GARBAGE_COLLECTION_CLEANUP_STATISTICS_RESET";"VIEW";"FALSE"
"PUBLIC";"M_PERSISTENCE_MANAGERS";"146716";"null";"H00";"SYS";"M_PERSISTENCE_MANAGERS";"VIEW";"FALSE"
"PUBLIC";"M_PERSISTENCE_MANAGERS_RESET";"146717";"null";"H00";"SYS";"M_PERSISTENCE_MANAGERS_RESET";"VIEW";"FALSE"
"PUBLIC";"M_SAVEPOINT_STATISTICS";"146718";"null";"H00";"SYS";"M_SAVEPOINT_STATISTICS";"VIEW";"FALSE"
"PUBLIC";"M_SAVEPOINT_STATISTICS_RESET";"146719";"null";"H00";"SYS";"M_SAVEPOINT_STATISTICS_RESET";"VIEW";"FALSE"
"PUBLIC";"M_SAVEPOINTS";"146720";"null";"H00";"SYS";"M_SAVEPOINTS";"VIEW";"FALSE"
"PUBLIC";"M_SNAPSHOTS";"146721";"null";"H00";"SYS";"M_SNAPSHOTS";"VIEW";"FALSE"
"PUBLIC";"M_SERVICE_NETWORK_METHOD_IO";"146722";"null";"H00";"SYS";"M_SERVICE_NETWORK_METHOD_IO";"VIEW";"FALSE"
"_SYS_STATISTICS";"SOURCE_ALERT_17_CS_TABLES";"161257";"null";"H00";"SYS";"M_CS_TABLES";"VIEW";"FALSE"
"_SYS_STATISTICS";"SOURCE_ALERT_27_CS_TABLES";"161262";"null";"H00";"SYS";"M_CS_TABLES";"VIEW";"FALSE"
"_SYS_STATISTICS";"SOURCE_ALERT_29_CS_TABLES";"161266";"null";"H00";"SYS";"M_CS_TABLES";"VIEW";"FALSE"
"_SYS_STATISTICS";"SOURCE_ALERT_29_SERVICE_MEMORY";"161267";"null";"H00";"SYS";"M_SERVICE_MEMORY";"VIEW";"FALSE"
"_SYS_STATISTICS";"SOURCE_ALERT_29_HOST_RESOURCE_UTILIZATION";"161268";"null";"H00";"SYS";"M_HOST_RESOURCE_UTILIZATION";"VIEW";"FALSE"
"_SYS_STATISTICS";"SOURCE_ALERT_39_SERVICE_THREADS";"161274";"null";"H00";"SYS";"M_SERVICE_THREADS";"VIEW";"FALSE"
"_SYS_STATISTICS";"SOURCE_ALERT_39_CONNECTIONS";"161275";"null";"H00";"SYS";"M_CONNECTIONS";"VIEW";"FALSE"
"_SYS_STATISTICS";"SOURCE_ALERT_39_TRANSACTIONS";"161276";"null";"H00";"SYS";"M_TRANSACTIONS";"VIEW";"FALSE"
"_SYS_STATISTICS";"SOURCE_ALERT_39_STATEMENTS";"161277";"null";"H00";"SYS";"M_ACTIVE_STATEMENTS";"VIEW";"FALSE"
"_SYS_STATISTICS";"SOURCE_ALERT_40_SERVICE_MEMORY";"161281";"null";"H00";"SYS";"M_SERVICE_MEMORY";"VIEW";"FALSE"
"_SYS_STATISTICS";"SOURCE_ALERT_40_CS_TABLES";"161282";"null";"H00";"SYS";"M_CS_TABLES";"VIEW";"FALSE"
"_SYS_STATISTICS";"SOURCE_ALERT_45_SERVICE_MEMORY";"161290";"null";"H00";"SYS";"M_SERVICE_MEMORY";"VIEW";"FALSE"
"_SYS_STATISTICS";"SOURCE_ALERT_45_CS_TABLES";"161291";"null";"H00";"SYS";"M_CS_TABLES";"VIEW";"FALSE"
"_SYS_STATISTICS";"SOURCE_ALERT_47_TRANSACTIONS";"161297";"null";"H00";"SYS";"M_TRANSACTIONS";"VIEW";"FALSE"
"_SYS_STATISTICS";"SOURCE_ALERT_47_CONNECTIONS";"161298";"null";"H00";"SYS";"M_CONNECTIONS";"VIEW";"FALSE"
"_SYS_STATISTICS";"SOURCE_ALERT_48_TRANSACTIONS";"161302";"null";"H00";"SYS";"M_TRANSACTIONS";"VIEW";"FALSE"
"_SYS_STATISTICS";"SOURCE_ALERT_48_CONNECTIONS";"161303";"null";"H00";"SYS";"M_CONNECTIONS";"VIEW";"FALSE"
"_SYS_STATISTICS";"SOURCE_ALERT_49_BLOCKED_TRANSACTIONS";"161307";"null";"H00";"SYS";"M_BLOCKED_TRANSACTIONS";"VIEW";"FALSE"
"_SYS_STATISTICS";"SOURCE_ALERT_54";"161317";"null";"H00";"SYS";"M_SAVEPOINTS";"VIEW";"FALSE"
"_SYS_STATISTICS";"SOURCE_ALERT_55_CS_UNLOADS";"161322";"null";"H00";"SYS";"M_CS_UNLOADS";"VIEW";"FALSE"
"_SYS_STATISTICS";"SOURCE_ALERT_62_USERS";"161342";"null";"H00";"SYS";"USERS";"VIEW";"FALSE"
"_SYS_STATISTICS";"SOURCE_ALERT_62_PASSWORD_POLICY";"161343";"null";"H00";"SYS";"M_PASSWORD_POLICY";"VIEW";"FALSE"
"_SYS_STATISTICS";"SOURCE_ALERT_62_USERGROUP_PARAMETERS";"161346";"null";"H00";"SYS";"USERGROUP_PARAMETERS";"VIEW";"FALSE"
"_SYS_STATISTICS";"SOURCE_ALERT_64_SERVICE_MEMORY";"161349";"null";"H00";"SYS";"M_SERVICE_MEMORY";"VIEW";"FALSE"
"_SYS_STATISTICS";"SOURCE_ALERT_64_CS_TABLES";"161350";"null";"H00";"SYS";"M_CS_TABLES";"VIEW";"FALSE"
"_SYS_STATISTICS";"SOURCE_ALERT_64_TABLE_PERSISTENCE_STATISTICS";"161352";"null";"H00";"SYS";"M_TABLE_PERSISTENCE_STATISTICS";"VIEW";"FALSE"
"_SYS_STATISTICS";"SOURCE_ALERT_64_DISKS";"161353";"null";"H00";"SYS";"M_DISKS";"VIEW";"FALSE"
"_SYS_STATISTICS";"SOURCE_ALERT_67_RS_MEMORY";"161361";"null";"H00";"SYS";"M_RS_MEMORY";"VIEW";"FALSE"
"_SYS_STATISTICS";"SOURCE_ALERT_68_RS_MEMORY";"161366";"null";"H00";"SYS";"M_RS_MEMORY";"VIEW";"FALSE"
"_SYS_STATISTICS";"SOURCE_ALERT_68_SYSTEM_LIMITS";"161368";"null";"H00";"SYS";"M_SYSTEM_LIMITS";"VIEW";"FALSE"
"_SYS_STATISTICS";"SOURCE_ALERT_71_RS_MEMORY";"161372";"null";"H00";"SYS";"M_RS_MEMORY";"VIEW";"FALSE"
"_SYS_STATISTICS";"SOURCE_ALERT_71_SERVICE_MEMORY";"161375";"null";"H00";"SYS";"M_SERVICE_MEMORY";"VIEW";"FALSE"
"_SYS_STATISTICS";"SOURCE_ALERT_71_SYSTEM_LIMITS";"161376";"null";"H00";"SYS";"M_SYSTEM_LIMITS";"VIEW";"FALSE"
"_SYS_STATISTICS";"SOURCE_ALERT_80_M_ASYNC_TABLE_REPLICAS";"161379";"null";"H00";"SYS";"M_TABLE_REPLICAS";"VIEW";"FALSE"
"_SYS_STATISTICS";"SOURCE_ALERT_83_CONSISTENCY_CHECK_HISTORY";"161393";"null";"H00";"SYS";"M_CONSISTENCY_CHECK_HISTORY";"VIEW";"FALSE"
"_SYS_STATISTICS";"SOURCE_ALERT_83_CONSISTENCY_CHECK_HISTORY_ERRORS";"161394";"null";"H00";"SYS";"M_CONSISTENCY_CHECK_HISTORY_ERRORS";"VIEW";"FALSE"
"_SYS_STATISTICS";"SOURCE_ALERT_91_SQL_PLAN_CACHE_OVERVIEW";"161404";"null";"H00";"SYS";"M_SQL_PLAN_CACHE_OVERVIEW";"VIEW";"FALSE"
"_SYS_STATISTICS";"SOURCE_ALERT_96_LONG_RUNNING_TASKS";"161407";"null";"H00";"_SYS_TASK";"TASK_EXECUTIONS";"VIEW";"FALSE"
"_SYS_STATISTICS";"SOURCE_ALERT_97_INIFILE_CONTENTS";"161411";"null";"H00";"SYS";"M_CONFIGURATION_PARAMETER_VALUES";"VIEW";"FALSE"
"_SYS_STATISTICS";"SOURCE_ALERT_101_USERS";"161413";"null";"H00";"SYS";"USERS";"VIEW";"FALSE"
"_SYS_STATISTICS";"SOURCE_ALERT_103_CHECK_DEPRECATED_FEATURE_USAGE";"161416";"null";"H00";"SYS";"M_FEATURE_USAGE";"VIEW";"FALSE"
"_SYS_STATISTICS";"SOURCE_ALERT_111_REPLICATION_LOG";"161434";"null";"H00";"SYS";"M_REPLICATION_LOG";"VIEW";"FALSE"
"_SYS_STATISTICS";"SOURCE_ALERT_111_SERVICES";"161435";"null";"H00";"SYS";"M_SERVICES";"VIEW";"FALSE"
"_SYS_STATISTICS";"SOURCE_ALERT_117_CS_TABLES";"161438";"null";"H00";"SYS";"M_CS_TABLES";"VIEW";"FALSE"
"_SYS_STATISTICS";"SOURCE_ALERT_126_M_REMOTE_TABLE_REPLICAS";"161442";"null";"H00";"SYS";"M_REMOTE_TABLE_REPLICAS";"VIEW";"FALSE"
"_SYS_STATISTICS";"SOURCE_ALERT_127_CS_TABLES";"161446";"null";"H00";"SYS";"M_CS_TABLES";"VIEW";"FALSE"
"_SYS_STATISTICS";"SOURCE_ALERT_129_PSE_CERTIFICATES";"161450";"null";"H00";"SYS";"PSE_CERTIFICATES";"VIEW";"FALSE"
"_SYS_STATISTICS";"SOURCE_ALERT_129_PSES";"161451";"null";"H00";"SYS";"PSES";"VIEW";"FALSE"
"_SYS_STATISTICS";"SOURCE_ALERT_130_PSE_CERTIFICATES";"161455";"null";"H00";"SYS";"PSE_CERTIFICATES";"VIEW";"FALSE"
"_SYS_STATISTICS";"SOURCE_ALERT_130_PSES";"161456";"null";"H00";"SYS";"PSES";"VIEW";"FALSE"
"_SYS_STATISTICS";"SOURCE_ALERT_131_LOAD_HISTORY_SERVICE";"161460";"null";"H00";"SYS";"M_LOAD_HISTORY_SERVICE";"VIEW";"FALSE"
"_SYS_STATISTICS";"SOURCE_ALERT_131_SERVICES";"161461";"null";"H00";"SYS";"M_SERVICES";"VIEW";"FALSE"
"_SYS_STATISTICS";"SOURCE_ALERT_131_CONFIGURATION_PARAMETER_VALUES";"161466";"null";"H00";"SYS";"M_CONFIGURATION_PARAMETER_VALUES";"VIEW";"FALSE"
"_SYS_STATISTICS";"SOURCE_ALERT_132_LOAD_HISTORY_SERVICE";"161468";"null";"H00";"SYS";"M_LOAD_HISTORY_SERVICE";"VIEW";"FALSE"
"_SYS_STATISTICS";"SOURCE_ALERT_133_M_EVENTS";"161474";"null";"H00";"SYS";"M_EVENTS";"VIEW";"FALSE"
"_SYS_STATISTICS";"SOURCE_ALERT_134_USERGROUPS";"161477";"null";"H00";"SYS";"USERGROUPS";"VIEW";"FALSE"
"_SYS_STATISTICS";"SOURCE_ALERT_136_M_CONFIGURATION_PARAMETER_VALUES";"161480";"null";"H00";"SYS";"M_CONFIGURATION_PARAMETER_VALUES";"VIEW";"FALSE"
"_SYS_STATISTICS";"SOURCE_ALERT_137_M_CONFIGURATION_PARAMETER_VALUES";"161484";"null";"H00";"SYS";"M_CONFIGURATION_PARAMETER_VALUES";"VIEW";"FALSE"
"_SYS_STATISTICS";"SOURCE_ALERT_142_SERVICES";"161495";"null";"H00";"SYS";"M_SERVICES";"VIEW";"FALSE"
"_SYS_STATISTICS";"SOURCE_ALERT_142_SERVICE_STATISTICS";"161496";"null";"H00";"SYS";"M_SERVICE_STATISTICS";"VIEW";"FALSE"
"_SYS_STATISTICS";"SOURCE_ALERT_142_DATABASE";"161497";"null";"H00";"SYS";"M_DATABASE";"VIEW";"FALSE"
"_SYS_STATISTICS";"SOURCE_ALERT_149_M_EVENTS";"161500";"null";"H00";"SYS";"M_EVENTS";"VIEW";"FALSE"
"_SYS_STATISTICS";"SOURCE_ALERT_700_M_AGENTS";"161510";"null";"H00";"SYS";"M_AGENTS";"VIEW";"FALSE"
"_SYS_STATISTICS";"SOURCE_ALERT_700_AGENTS";"161511";"null";"H00";"SYS";"AGENTS";"VIEW";"FALSE"
"_SYS_STATISTICS";"SOURCE_ALERT_701_M_AGENTS";"161514";"null";"H00";"SYS";"M_AGENTS";"VIEW";"FALSE"
"_SYS_STATISTICS";"SOURCE_ALERT_701_AGENTS";"161515";"null";"H00";"SYS";"AGENTS";"VIEW";"FALSE"
"_SYS_STATISTICS";"SOURCE_ALERT_710_REMOTE_SUBSCRIPTION_EXCEPTIONS";"161518";"null";"H00";"SYS";"REMOTE_SUBSCRIPTION_EXCEPTIONS";"VIEW";"FALSE"
"_SYS_STATISTICS";"SOURCE_ALERT_710_REMOTE_SUBSCRIPTIONS";"161520";"null";"H00";"SYS";"REMOTE_SUBSCRIPTIONS";"VIEW";"FALSE"
"_SYS_STATISTICS";"SOURCE_ALERT_711_M_REMOTE_SUBSCRIPTIONS";"161524";"null";"H00";"SYS";"M_REMOTE_SUBSCRIPTIONS";"VIEW";"FALSE"
"_SYS_STATISTICS";"SOURCE_ALERT_711_REMOTE_SUBSCRIPTION_EXCEPTIONS";"161525";"null";"H00";"SYS";"REMOTE_SUBSCRIPTION_EXCEPTIONS";"VIEW";"FALSE"
"_SYS_STATISTICS";"SOURCE_ALERT_712_M_REMOTE_SOURCE_STATISTICS";"161529";"null";"H00";"SYS";"M_REMOTE_SOURCE_STATISTICS";"VIEW";"FALSE"
"_SYS_STATISTICS";"SOURCE_ALERT_712_REMOTE_SUBSCRIPTION_EXCEPTIONS";"161530";"null";"H00";"SYS";"REMOTE_SUBSCRIPTION_EXCEPTIONS";"VIEW";"FALSE"
"_SYS_STATISTICS";"SOURCE_ALERT_713_M_REMOTE_SOURCE_STATISTICS";"161533";"null";"H00";"SYS";"M_REMOTE_SOURCE_STATISTICS";"VIEW";"FALSE"
"PUBLIC";"PROCEDURE_OBJECTS";"164509";"null";"H00";"SYS";"PROCEDURE_OBJECTS";"VIEW";"FALSE"
"PUBLIC";"ABSTRACT_SQL_PLANS";"154684";"null";"H00";"SYS";"ABSTRACT_SQL_PLANS";"VIEW";"FALSE"
"PUBLIC";"TABLES";"138914";"null";"H00";"SYS";"TABLES";"VIEW";"FALSE"
"PUBLIC";"TABLE_COLUMNS";"138915";"null";"H00";"SYS";"TABLE_COLUMNS";"VIEW";"FALSE"
"PUBLIC";"ELEMENT_TYPES";"138916";"null";"H00";"SYS";"ELEMENT_TYPES";"VIEW";"FALSE"
"PUBLIC";"TABLE_REPLICAS";"138917";"null";"H00";"SYS";"TABLE_REPLICAS";"VIEW";"FALSE"
"PUBLIC";"VIRTUAL_TABLE_REPLICAS";"138918";"null";"H00";"SYS";"VIRTUAL_TABLE_REPLICAS";"VIEW";"FALSE"
"PUBLIC";"CONSTRAINTS";"138919";"null";"H00";"SYS";"CONSTRAINTS";"VIEW";"FALSE"
"PUBLIC";"REFERENTIAL_CONSTRAINTS";"138920";"null";"H00";"SYS";"REFERENTIAL_CONSTRAINTS";"VIEW";"FALSE"
"PUBLIC";"INDEXES";"138921";"null";"H00";"SYS";"INDEXES";"VIEW";"FALSE"
"PUBLIC";"FULLTEXT_INDEXES";"138922";"null";"H00";"SYS";"FULLTEXT_INDEXES";"VIEW";"FALSE"
"PUBLIC";"INDEX_COLUMNS";"138923";"null";"H00";"SYS";"INDEX_COLUMNS";"VIEW";"FALSE"
"PUBLIC";"VIEWS";"138924";"null";"H00";"SYS";"VIEWS";"VIEW";"FALSE"
"PUBLIC";"VIEW_COLUMNS";"138925";"null";"H00";"SYS";"VIEW_COLUMNS";"VIEW";"FALSE"
"PUBLIC";"RESULT_CACHE";"138926";"null";"H00";"SYS";"RESULT_CACHE";"VIEW";"FALSE"
"PUBLIC";"DYNAMIC_RESULT_CACHE";"138927";"null";"H00";"SYS";"DYNAMIC_RESULT_CACHE";"VIEW";"FALSE"
"PUBLIC";"RESULT_CACHE_COLUMNS";"138928";"null";"H00";"SYS";"RESULT_CACHE_COLUMNS";"VIEW";"FALSE"
"PUBLIC";"DYNAMIC_RESULT_CACHE_INDEX_COLUMNS";"138929";"null";"H00";"SYS";"DYNAMIC_RESULT_CACHE_INDEX_COLUMNS";"VIEW";"FALSE"
"PUBLIC";"PROJECTION_VIEW_COLUMN_SOURCES";"138930";"null";"H00";"SYS";"PROJECTION_VIEW_COLUMN_SOURCES";"VIEW";"FALSE"
"PUBLIC";"FUNCTIONS";"138931";"null";"H00";"SYS";"FUNCTIONS";"VIEW";"FALSE"
"PUBLIC";"VIRTUAL_FUNCTIONS";"138932";"null";"H00";"SYS";"VIRTUAL_FUNCTIONS";"VIEW";"FALSE"
"PUBLIC";"VIRTUAL_FUNCTION_PARAMETERS";"138933";"null";"H00";"SYS";"VIRTUAL_FUNCTION_PARAMETERS";"VIEW";"FALSE"
"PUBLIC";"VIRTUAL_FUNCTION_PARAMETER_COLUMNS";"138934";"null";"H00";"SYS";"VIRTUAL_FUNCTION_PARAMETER_COLUMNS";"VIEW";"FALSE"
"PUBLIC";"VIRTUAL_PACKAGES";"138935";"null";"H00";"SYS";"VIRTUAL_PACKAGES";"VIEW";"FALSE"
"PUBLIC";"PROCEDURES";"138936";"null";"H00";"SYS";"PROCEDURES";"VIEW";"FALSE"
"PUBLIC";"VIRTUAL_PROCEDURES";"138937";"null";"H00";"SYS";"VIRTUAL_PROCEDURES";"VIEW";"FALSE"
"PUBLIC";"FUNCTION_PARAMETERS";"138938";"null";"H00";"SYS";"FUNCTION_PARAMETERS";"VIEW";"FALSE"
"PUBLIC";"PROCEDURE_PARAMETERS";"138939";"null";"H00";"SYS";"PROCEDURE_PARAMETERS";"VIEW";"FALSE"
"PUBLIC";"PROCEDURE_ROUTES";"138940";"null";"H00";"SYS";"PROCEDURE_ROUTES";"VIEW";"FALSE"
"PUBLIC";"SQLSCRIPT_VARIABLE_CACHE";"138941";"null";"H00";"SYS";"SQLSCRIPT_VARIABLE_CACHE";"VIEW";"FALSE"
"PUBLIC";"FUNCTION_PARAMETER_COLUMNS";"138942";"null";"H00";"SYS";"FUNCTION_PARAMETER_COLUMNS";"VIEW";"FALSE"
"PUBLIC";"PROCEDURE_PARAMETER_COLUMNS";"138943";"null";"H00";"SYS";"PROCEDURE_PARAMETER_COLUMNS";"VIEW";"FALSE"
"PUBLIC";"SEQUENCES";"138944";"null";"H00";"SYS";"SEQUENCES";"VIEW";"FALSE"
"PUBLIC";"SYNONYMS";"138945";"null";"H00";"SYS";"SYNONYMS";"VIEW";"FALSE"
"PUBLIC";"OWNERSHIP";"138946";"null";"H00";"SYS";"OWNERSHIP";"VIEW";"FALSE"
"PUBLIC";"TRIGGERS";"138947";"null";"H00";"SYS";"TRIGGERS";"VIEW";"FALSE"
"PUBLIC";"USERS";"138948";"null";"H00";"SYS";"USERS";"VIEW";"FALSE"
"PUBLIC";"USERGROUPS";"138949";"null";"H00";"SYS";"USERGROUPS";"VIEW";"FALSE"
"PUBLIC";"ROLEGROUPS";"138950";"null";"H00";"SYS";"ROLEGROUPS";"VIEW";"FALSE"
"PUBLIC";"USERGROUP_CONNECT_RESTRICTIONS";"138951";"null";"H00";"SYS";"USERGROUP_CONNECT_RESTRICTIONS";"VIEW";"FALSE"
"PUBLIC";"USERGROUP_PARAMETERS";"138952";"null";"H00";"SYS";"USERGROUP_PARAMETERS";"VIEW";"FALSE"
"PUBLIC";"SAML_PROVIDERS";"138953";"null";"H00";"SYS";"SAML_PROVIDERS";"VIEW";"FALSE"
"PUBLIC";"JWT_PROVIDERS";"138954";"null";"H00";"SYS";"JWT_PROVIDERS";"VIEW";"FALSE"
"PUBLIC";"JWT_PROVIDER_CLAIMS";"138955";"null";"H00";"SYS";"JWT_PROVIDER_CLAIMS";"VIEW";"FALSE"
"PUBLIC";"X509_PROVIDERS";"138956";"null";"H00";"SYS";"X509_PROVIDERS";"VIEW";"FALSE"
"PUBLIC";"X509_PROVIDER_RULES";"138957";"null";"H00";"SYS";"X509_PROVIDER_RULES";"VIEW";"FALSE"
"PUBLIC";"SAML_USER_MAPPINGS";"138958";"null";"H00";"SYS";"SAML_USER_MAPPINGS";"VIEW";"FALSE"
"PUBLIC";"JWT_USER_MAPPINGS";"138959";"null";"H00";"SYS";"JWT_USER_MAPPINGS";"VIEW";"FALSE"
"PUBLIC";"X509_USER_MAPPINGS";"138960";"null";"H00";"SYS";"X509_USER_MAPPINGS";"VIEW";"FALSE"
"PUBLIC";"SCHEDULER_JOBS";"138961";"null";"H00";"SYS";"SCHEDULER_JOBS";"VIEW";"FALSE"
"PUBLIC";"SCHEDULER_JOB_PARAMETERS";"138962";"null";"H00";"SYS";"SCHEDULER_JOB_PARAMETERS";"VIEW";"FALSE"
"PUBLIC";"REMOTE_USERS";"138963";"null";"H00";"SYS";"REMOTE_USERS";"VIEW";"FALSE"
"PUBLIC";"INVALID_CONNECT_ATTEMPTS";"138964";"null";"H00";"SYS";"INVALID_CONNECT_ATTEMPTS";"VIEW";"FALSE"
"PUBLIC";"CREDENTIALS";"138965";"null";"H00";"SYS";"CREDENTIALS";"VIEW";"FALSE"
"PUBLIC";"CERTIFICATES";"138966";"null";"H00";"SYS";"CERTIFICATES";"VIEW";"FALSE"
"PUBLIC";"ROOT_CERTIFICATES";"138967";"null";"H00";"SYS";"ROOT_CERTIFICATES";"VIEW";"FALSE"
"PUBLIC";"PUBLIC_KEYS";"138968";"null";"H00";"SYS";"PUBLIC_KEYS";"VIEW";"FALSE"
"PUBLIC";"PSES";"138969";"null";"H00";"SYS";"PSES";"VIEW";"FALSE"
"PUBLIC";"PSE_CERTIFICATES";"138970";"null";"H00";"SYS";"PSE_CERTIFICATES";"VIEW";"FALSE"
"PUBLIC";"PSE_PUBLIC_KEYS";"138971";"null";"H00";"SYS";"PSE_PUBLIC_KEYS";"VIEW";"FALSE"
"PUBLIC";"PSE_PURPOSE_OBJECTS";"138972";"null";"H00";"SYS";"PSE_PURPOSE_OBJECTS";"VIEW";"FALSE"
"PUBLIC";"M_MANAGED_PSES";"138973";"null";"H00";"SYS";"M_MANAGED_PSES";"VIEW";"FALSE"
"PUBLIC";"SCHEMAS";"138974";"null";"H00";"SYS";"SCHEMAS";"VIEW";"FALSE"
"PUBLIC";"OBJECT_DEPENDENCIES";"138975";"null";"H00";"SYS";"OBJECT_DEPENDENCIES";"VIEW";"FALSE"
"PUBLIC";"DATA_TYPES";"138976";"null";"H00";"SYS";"DATA_TYPES";"VIEW";"FALSE"
"PUBLIC";"M_SERVICE_NETWORK_METHOD_IO_RESET";"146723";"null";"H00";"SYS";"M_SERVICE_NETWORK_METHOD_IO_RESET";"VIEW";"FALSE"
"PUBLIC";"M_SERVICE_THREAD_SAMPLES";"146724";"null";"H00";"SYS";"M_SERVICE_THREAD_SAMPLES";"VIEW";"FALSE"
"PUBLIC";"M_BUFFER_CACHE_STATISTICS";"146725";"null";"H00";"SYS";"M_BUFFER_CACHE_STATISTICS";"VIEW";"FALSE"
"PUBLIC";"M_BUFFER_CACHE_STATISTICS_RESET";"146726";"null";"H00";"SYS";"M_BUFFER_CACHE_STATISTICS_RESET";"VIEW";"FALSE"
"PUBLIC";"M_BUFFER_CACHE_POOL_STATISTICS";"146727";"null";"H00";"SYS";"M_BUFFER_CACHE_POOL_STATISTICS";"VIEW";"FALSE"
"PUBLIC";"M_BUFFER_CACHE_POOL_STATISTICS_RESET";"146728";"null";"H00";"SYS";"M_BUFFER_CACHE_POOL_STATISTICS_RESET";"VIEW";"FALSE"
"PUBLIC";"M_REMOTE_SERVICES";"146729";"null";"H00";"SYS";"M_REMOTE_SERVICES";"VIEW";"FALSE"
"PUBLIC";"M_WORKLOAD";"146730";"null";"H00";"SYS";"M_WORKLOAD";"VIEW";"FALSE"
"PUBLIC";"M_SQL_PLAN_CACHE_OVERVIEW";"146731";"null";"H00";"SYS";"M_SQL_PLAN_CACHE_OVERVIEW";"VIEW";"FALSE"
"PUBLIC";"M_SQL_PLAN_CACHE_PARAMETERS";"146732";"null";"H00";"SYS";"M_SQL_PLAN_CACHE_PARAMETERS";"VIEW";"FALSE"
"PUBLIC";"M_SQL_PLAN_CACHE_EXECUTION_LOCATION_STATISTICS";"146733";"null";"H00";"SYS";"M_SQL_PLAN_CACHE_EXECUTION_LOCATION_STATISTICS";"VIEW";"FALSE"
"PUBLIC";"M_SQL_PLAN_CACHE_EXECUTION_LOCATION_STATISTICS_RESET";"146734";"null";"H00";"SYS";"M_SQL_PLAN_CACHE_EXECUTION_LOCATION_STATISTICS_RESET";"VIEW";"FALSE"
"PUBLIC";"M_SQL_PLAN_CACHE_AUTO_RECOMPILATION_STATISTICS";"146735";"null";"H00";"SYS";"M_SQL_PLAN_CACHE_AUTO_RECOMPILATION_STATISTICS";"VIEW";"FALSE"
"PUBLIC";"M_SQL_PLAN_CACHE_EXECUTION_ENGINE_STATISTICS";"146736";"null";"H00";"SYS";"M_SQL_PLAN_CACHE_EXECUTION_ENGINE_STATISTICS";"VIEW";"FALSE"
"PUBLIC";"M_RS_MEMORY";"146737";"null";"H00";"SYS";"M_RS_MEMORY";"VIEW";"FALSE"
"PUBLIC";"M_CS_TABLE_LOCKS";"146738";"null";"H00";"SYS";"M_CS_TABLE_LOCKS";"VIEW";"FALSE"
"PUBLIC";"M_CS_TABLE_HANDLES";"146739";"null";"H00";"SYS";"M_CS_TABLE_HANDLES";"VIEW";"FALSE"
"PUBLIC";"M_CS_LOG_REPLAY_QUEUE_STATISTICS";"146740";"null";"H00";"SYS";"M_CS_LOG_REPLAY_QUEUE_STATISTICS";"VIEW";"FALSE"
"PUBLIC";"M_CS_LOG_REPLAY_QUEUE_STATISTICS_RESET";"146741";"null";"H00";"SYS";"M_CS_LOG_REPLAY_QUEUE_STATISTICS_RESET";"VIEW";"FALSE"
"PUBLIC";"REORG_PLAN";"164536";"null";"H00";"SYS";"REORG_PLAN";"VIEW";"FALSE"
"PUBLIC";"M_PROCEDURE_ASYNC_EXECUTIONS";"147092";"null";"H00";"SYS";"M_PROCEDURE_ASYNC_EXECUTIONS";"VIEW";"FALSE"
"PUBLIC";"REORG_PLAN_INFOS";"164543";"null";"H00";"SYS";"REORG_PLAN_INFOS";"VIEW";"FALSE"
"PUBLIC";"M_ABSTRACT_SQL_PLAN_OVERVIEW";"146624";"null";"H00";"SYS";"M_ABSTRACT_SQL_PLAN_OVERVIEW";"VIEW";"FALSE"
"PUBLIC";"OBJECT_PRIVILEGES";"147143";"null";"H00";"SYS";"OBJECT_PRIVILEGES";"VIEW";"FALSE"
"PUBLIC";"AUDIT_LOG";"147229";"null";"H00";"SYS";"AUDIT_LOG";"VIEW";"FALSE"
"PUBLIC";"M_TASKS";"148229";"null";"H00";"SYS";"M_TASKS";"VIEW";"FALSE"
"PUBLIC";"SESSION_COOKIES";"150969";"null";"H00";"SYS";"SESSION_COOKIES";"VIEW";"FALSE"
"_SYS_STATISTICS";"SOURCE_SYSTEM_REPLICATION";"153021";"null";"H00";"SYS";"M_SYSTEM_REPLICATION";"VIEW";"FALSE"
"_SYS_STATISTICS";"SOURCE_ALERT_2_DISKS";"161231";"null";"H00";"SYS";"M_DISKS";"VIEW";"FALSE"
"_SYS_STATISTICS";"SOURCE_ALERT_3_SERVICES";"161250";"null";"H00";"SYS";"M_SERVICES";"VIEW";"FALSE"
"_SYS_STATISTICS";"SOURCE_ALERT_3_SERVICE_STATISTICS";"161251";"null";"H00";"SYS";"M_SERVICE_STATISTICS";"VIEW";"FALSE"
"_SYS_STATISTICS";"SOURCE_ALERT_3_DATABASE";"161252";"null";"H00";"SYS";"M_DATABASE";"VIEW";"FALSE"
"PUBLIC";"M_TABLE_STATISTICS";"146387";"null";"H00";"SYS";"M_TABLE_STATISTICS";"VIEW";"FALSE"
"PUBLIC";"M_BLOCKED_TRANSACTIONS";"146388";"null";"H00";"SYS";"M_BLOCKED_TRANSACTIONS";"VIEW";"FALSE"
"PUBLIC";"M_CATALOG_MEMORY";"146389";"null";"H00";"SYS";"M_CATALOG_MEMORY";"VIEW";"FALSE"
"PUBLIC";"M_CLIENT_VERSIONS";"146390";"null";"H00";"SYS";"M_CLIENT_VERSIONS";"VIEW";"FALSE"
"PUBLIC";"M_CONNECTIONS";"146391";"null";"H00";"SYS";"M_CONNECTIONS";"VIEW";"FALSE"
"PUBLIC";"M_CONNECTION_STATISTICS";"146392";"null";"H00";"SYS";"M_CONNECTION_STATISTICS";"VIEW";"FALSE"
"PUBLIC";"M_CS_COLUMNS";"146393";"null";"H00";"SYS";"M_CS_COLUMNS";"VIEW";"FALSE"
"PUBLIC";"M_ST_GEOMETRY_COLUMNS";"146394";"null";"H00";"SYS";"M_ST_GEOMETRY_COLUMNS";"VIEW";"FALSE"
"PUBLIC";"M_FUZZY_SEARCH_INDEXES";"146395";"null";"H00";"SYS";"M_FUZZY_SEARCH_INDEXES";"VIEW";"FALSE"
"PUBLIC";"M_CS_ALL_COLUMNS";"146396";"null";"H00";"SYS";"M_CS_ALL_COLUMNS";"VIEW";"FALSE"
"PUBLIC";"M_CS_ALL_COLUMN_STATISTICS";"146397";"null";"H00";"SYS";"M_CS_ALL_COLUMN_STATISTICS";"VIEW";"FALSE"
"PUBLIC";"M_CS_TABLES";"146398";"null";"H00";"SYS";"M_CS_TABLES";"VIEW";"FALSE"
"PUBLIC";"M_COLLECTION_TABLES";"146399";"null";"H00";"SYS";"M_COLLECTION_TABLES";"VIEW";"FALSE"
"PUBLIC";"M_COLLECTION_TABLE_VIRTUAL_FILES";"146400";"null";"H00";"SYS";"M_COLLECTION_TABLE_VIRTUAL_FILES";"VIEW";"FALSE"
"PUBLIC";"M_BACKUP_CATALOG";"146401";"null";"H00";"SYS";"M_BACKUP_CATALOG";"VIEW";"FALSE"
"PUBLIC";"M_BACKUP_CATALOG_FILES";"146402";"null";"H00";"SYS";"M_BACKUP_CATALOG_FILES";"VIEW";"FALSE"
"PUBLIC";"M_BACKUP_CONFIGURATION";"146403";"null";"H00";"SYS";"M_BACKUP_CONFIGURATION";"VIEW";"FALSE"
"PUBLIC";"M_BACKUP_PROGRESS";"146404";"null";"H00";"SYS";"M_BACKUP_PROGRESS";"VIEW";"FALSE"
"PUBLIC";"M_BACKUP_SIZE_ESTIMATIONS";"146405";"null";"H00";"SYS";"M_BACKUP_SIZE_ESTIMATIONS";"VIEW";"FALSE"
"PUBLIC";"M_TEMPORARY_TABLES";"146406";"null";"H00";"SYS";"M_TEMPORARY_TABLES";"VIEW";"FALSE"
"PUBLIC";"M_TEMPORARY_TABLE_COLUMNS";"146407";"null";"H00";"SYS";"M_TEMPORARY_TABLE_COLUMNS";"VIEW";"FALSE"
"PUBLIC";"M_TEMPORARY_VIEWS";"146408";"null";"H00";"SYS";"M_TEMPORARY_VIEWS";"VIEW";"FALSE"
"PUBLIC";"M_TEMPORARY_VIEW_COLUMNS";"146409";"null";"H00";"SYS";"M_TEMPORARY_VIEW_COLUMNS";"VIEW";"FALSE"
"PUBLIC";"M_REMOTE_CONNECTIONS";"146410";"null";"H00";"SYS";"M_REMOTE_CONNECTIONS";"VIEW";"FALSE"
"PUBLIC";"M_REMOTE_STATEMENTS";"146411";"null";"H00";"SYS";"M_REMOTE_STATEMENTS";"VIEW";"FALSE"
"PUBLIC";"M_DATABASE";"146412";"null";"H00";"SYS";"M_DATABASE";"VIEW";"FALSE"
"PUBLIC";"M_DATABASE_HISTORY";"146413";"null";"H00";"SYS";"M_DATABASE_HISTORY";"VIEW";"FALSE"
"PUBLIC";"M_PLUGIN_MANIFESTS";"146414";"null";"H00";"SYS";"M_PLUGIN_MANIFESTS";"VIEW";"FALSE"
"PUBLIC";"M_PLUGIN_STATUS";"146415";"null";"H00";"SYS";"M_PLUGIN_STATUS";"VIEW";"FALSE"
"PUBLIC";"M_DISKS";"146416";"null";"H00";"SYS";"M_DISKS";"VIEW";"FALSE"
"PUBLIC";"M_HA_DR_PROVIDERS";"146417";"null";"H00";"SYS";"M_HA_DR_PROVIDERS";"VIEW";"FALSE"
"PUBLIC";"M_ERROR_CODES";"146418";"null";"H00";"SYS";"M_ERROR_CODES";"VIEW";"FALSE"
"PUBLIC";"M_SYSTEM_LIMITS";"146419";"null";"H00";"SYS";"M_SYSTEM_LIMITS";"VIEW";"FALSE"
"PUBLIC";"M_SYSTEM_INFORMATION_STATEMENTS";"146420";"null";"H00";"SYS";"M_SYSTEM_INFORMATION_STATEMENTS";"VIEW";"FALSE"
"PUBLIC";"M_HOST_INFORMATION";"146421";"null";"H00";"SYS";"M_HOST_INFORMATION";"VIEW";"FALSE"
"PUBLIC";"M_LICENSE";"146422";"null";"H00";"SYS";"M_LICENSE";"VIEW";"FALSE"
"PUBLIC";"M_LICENSES";"146423";"null";"H00";"SYS";"M_LICENSES";"VIEW";"FALSE"
"PUBLIC";"M_INIFILES";"146424";"null";"H00";"SYS";"M_INIFILES";"VIEW";"FALSE"
"PUBLIC";"M_INIFILE_CONTENTS";"146425";"null";"H00";"SYS";"M_INIFILE_CONTENTS";"VIEW";"FALSE"
"PUBLIC";"M_SERVICE_COMPONENT_MEMORY";"146426";"null";"H00";"SYS";"M_SERVICE_COMPONENT_MEMORY";"VIEW";"FALSE"
"PUBLIC";"M_EFFECTIVE_TABLE_PLACEMENT";"146427";"null";"H00";"SYS";"M_EFFECTIVE_TABLE_PLACEMENT";"VIEW";"FALSE"
"PUBLIC";"M_TABLE_PLACEMENT_LOCATIONS";"146428";"null";"H00";"SYS";"M_TABLE_PLACEMENT_LOCATIONS";"VIEW";"FALSE"
"PUBLIC";"M_PASSWORD_POLICY";"146429";"null";"H00";"SYS";"M_PASSWORD_POLICY";"VIEW";"FALSE"
"PUBLIC";"M_EFFECTIVE_PASSWORD_POLICY";"146430";"null";"H00";"SYS";"M_EFFECTIVE_PASSWORD_POLICY";"VIEW";"FALSE"
"PUBLIC";"M_LOCK_WAITS_STATISTICS";"146431";"null";"H00";"SYS";"M_LOCK_WAITS_STATISTICS";"VIEW";"FALSE"
"PUBLIC";"M_TABLE_PARTITION_STATISTICS";"146432";"null";"H00";"SYS";"M_TABLE_PARTITION_STATISTICS";"VIEW";"FALSE"
"PUBLIC";"M_MONITORS";"146433";"null";"H00";"SYS";"M_MONITORS";"VIEW";"FALSE"
"PUBLIC";"M_MONITOR_COLUMNS";"146434";"null";"H00";"SYS";"M_MONITOR_COLUMNS";"VIEW";"FALSE"
"PUBLIC";"M_MVCC_TABLES";"146435";"null";"H00";"SYS";"M_MVCC_TABLES";"VIEW";"FALSE"
"PUBLIC";"M_PERFTRACE";"146436";"null";"H00";"SYS";"M_PERFTRACE";"VIEW";"FALSE"
"PUBLIC";"M_PERSISTENCE_ENCRYPTION_STATUS";"146437";"null";"H00";"SYS";"M_PERSISTENCE_ENCRYPTION_STATUS";"VIEW";"FALSE"
"PUBLIC";"M_PERSISTENCE_ENCRYPTION_KEYS";"146438";"null";"H00";"SYS";"M_PERSISTENCE_ENCRYPTION_KEYS";"VIEW";"FALSE"
"PUBLIC";"M_EXPENSIVE_STATEMENTS";"146439";"null";"H00";"SYS";"M_EXPENSIVE_STATEMENTS";"VIEW";"FALSE"
"PUBLIC";"M_EXECUTED_STATEMENTS";"146440";"null";"H00";"SYS";"M_EXECUTED_STATEMENTS";"VIEW";"FALSE"
"PUBLIC";"M_TABLE_PARTITION_OPERATIONS";"146441";"null";"H00";"SYS";"M_TABLE_PARTITION_OPERATIONS";"VIEW";"FALSE"
"PUBLIC";"M_EXPENSIVE_STATEMENT_EXECUTION_LOCATION_STATISTICS";"146442";"null";"H00";"SYS";"M_EXPENSIVE_STATEMENT_EXECUTION_LOCATION_STATISTICS";"VIEW";"FALSE"
"PUBLIC";"M_TABLE_PRUNING_STATISTICS";"146443";"null";"H00";"SYS";"M_TABLE_PRUNING_STATISTICS";"VIEW";"FALSE"
"PUBLIC";"M_SQL_CLIENT_NETWORK_IO";"146444";"null";"H00";"SYS";"M_SQL_CLIENT_NETWORK_IO";"VIEW";"FALSE"
"PUBLIC";"M_CS_UNLOADS";"146445";"null";"H00";"SYS";"M_CS_UNLOADS";"VIEW";"FALSE"
"PUBLIC";"M_TEMPORARY_OBJECT_DEPENDENCIES";"146446";"null";"H00";"SYS";"M_TEMPORARY_OBJECT_DEPENDENCIES";"VIEW";"FALSE"
"PUBLIC";"M_REMOTE_SOURCES";"146447";"null";"H00";"SYS";"M_REMOTE_SOURCES";"VIEW";"FALSE"
"PUBLIC";"M_CS_LOADS";"146448";"null";"H00";"SYS";"M_CS_LOADS";"VIEW";"FALSE"
"PUBLIC";"M_PREPARED_STATEMENTS";"146449";"null";"H00";"SYS";"M_PREPARED_STATEMENTS";"VIEW";"FALSE"
"PUBLIC";"M_ACTIVE_STATEMENTS";"146450";"null";"H00";"SYS";"M_ACTIVE_STATEMENTS";"VIEW";"FALSE"
"PUBLIC";"M_ACTIVE_PROCEDURES";"146451";"null";"H00";"SYS";"M_ACTIVE_PROCEDURES";"VIEW";"FALSE"
"PUBLIC";"M_SQLSCRIPT_PLAN_PROFILER_RESULTS";"146452";"null";"H00";"SYS";"M_SQLSCRIPT_PLAN_PROFILER_RESULTS";"VIEW";"FALSE"
"PUBLIC";"M_SQLSCRIPT_VARIABLE_CACHE";"146453";"null";"H00";"SYS";"M_SQLSCRIPT_VARIABLE_CACHE";"VIEW";"FALSE"
"PUBLIC";"M_SQLSCRIPT_PLAN_PROFILERS";"146454";"null";"H00";"SYS";"M_SQLSCRIPT_PLAN_PROFILERS";"VIEW";"FALSE"
"PUBLIC";"M_RS_INDEXES";"146455";"null";"H00";"SYS";"M_RS_INDEXES";"VIEW";"FALSE"
"PUBLIC";"M_CS_INDEXES";"146456";"null";"H00";"SYS";"M_CS_INDEXES";"VIEW";"FALSE"
"PUBLIC";"M_RS_TABLES";"146457";"null";"H00";"SYS";"M_RS_TABLES";"VIEW";"FALSE"
"PUBLIC";"M_SERVICE_STATISTICS";"146458";"null";"H00";"SYS";"M_SERVICE_STATISTICS";"VIEW";"FALSE"
"PUBLIC";"M_SERVICE_THREADS";"146459";"null";"H00";"SYS";"M_SERVICE_THREADS";"VIEW";"FALSE"
"PUBLIC";"M_ANONYMIZATION_VIEWS";"146460";"null";"H00";"SYS";"M_ANONYMIZATION_VIEWS";"VIEW";"FALSE"
"PUBLIC";"M_SERVICE_THREAD_CALLSTACKS";"146461";"null";"H00";"SYS";"M_SERVICE_THREAD_CALLSTACKS";"VIEW";"FALSE"
"PUBLIC";"M_SERVICE_COMPONENT_HISTORY";"146462";"null";"H00";"SYS";"M_SERVICE_COMPONENT_HISTORY";"VIEW";"FALSE"
"PUBLIC";"M_SERVICE_TRACES";"146463";"null";"H00";"SYS";"M_SERVICE_TRACES";"VIEW";"FALSE"
"PUBLIC";"M_SERVICE_TYPES";"146464";"null";"H00";"SYS";"M_SERVICE_TYPES";"VIEW";"FALSE"
"PUBLIC";"M_SERVICES";"146465";"null";"H00";"SYS";"M_SERVICES";"VIEW";"FALSE"
"PUBLIC";"M_SHARED_MEMORY";"146466";"null";"H00";"SYS";"M_SHARED_MEMORY";"VIEW";"FALSE"
"PUBLIC";"M_SYSTEM_OVERVIEW";"146467";"null";"H00";"SYS";"M_SYSTEM_OVERVIEW";"VIEW";"FALSE"
"PUBLIC";"M_TOPOLOGY_TREE";"146468";"null";"H00";"SYS";"M_TOPOLOGY_TREE";"VIEW";"FALSE"
"PUBLIC";"M_DATABASES";"146469";"null";"H00";"SYS";"M_DATABASES";"VIEW";"FALSE"
"PUBLIC";"M_TABLES";"146470";"null";"H00";"SYS";"M_TABLES";"VIEW";"FALSE"
"PUBLIC";"M_TABLE_LOCATIONS";"146471";"null";"H00";"SYS";"M_TABLE_LOCATIONS";"VIEW";"FALSE"
"PUBLIC";"M_TABLE_VIRTUAL_FILES";"146472";"null";"H00";"SYS";"M_TABLE_VIRTUAL_FILES";"VIEW";"FALSE"
"PUBLIC";"M_TABLE_LOB_FILES";"146473";"null";"H00";"SYS";"M_TABLE_LOB_FILES";"VIEW";"FALSE"
"PUBLIC";"M_TABLE_PERSISTENCE_LOCATIONS";"146474";"null";"H00";"SYS";"M_TABLE_PERSISTENCE_LOCATIONS";"VIEW";"FALSE"
"PUBLIC";"M_TABLE_PERSISTENCE_STATISTICS";"146475";"null";"H00";"SYS";"M_TABLE_PERSISTENCE_STATISTICS";"VIEW";"FALSE"
"PUBLIC";"M_TABLE_PERSISTENCE_LOCATION_STATISTICS";"146476";"null";"H00";"SYS";"M_TABLE_PERSISTENCE_LOCATION_STATISTICS";"VIEW";"FALSE"
"PUBLIC";"M_TABLE_PARTITIONS";"146477";"null";"H00";"SYS";"M_TABLE_PARTITIONS";"VIEW";"FALSE"
"PUBLIC";"M_TABLE_LOB_STATISTICS";"146478";"null";"H00";"SYS";"M_TABLE_LOB_STATISTICS";"VIEW";"FALSE"
"PUBLIC";"M_CS_LOB_SPACE_RECLAIMS";"146479";"null";"H00";"SYS";"M_CS_LOB_SPACE_RECLAIMS";"VIEW";"FALSE"
"PUBLIC";"M_CS_LOB_SPACE_RECLAIM_DETAILS";"146480";"null";"H00";"SYS";"M_CS_LOB_SPACE_RECLAIM_DETAILS";"VIEW";"FALSE"
"PUBLIC";"M_TRACEFILES";"146481";"null";"H00";"SYS";"M_TRACEFILES";"VIEW";"FALSE"
"PUBLIC";"M_TRACEFILE_CONTENTS";"146482";"null";"H00";"SYS";"M_TRACEFILE_CONTENTS";"VIEW";"FALSE"
"PUBLIC";"M_TRANSACTIONS";"146483";"null";"H00";"SYS";"M_TRANSACTIONS";"VIEW";"FALSE"
"PUBLIC";"M_TRANS_TOKENS";"146484";"null";"H00";"SYS";"M_TRANS_TOKENS";"VIEW";"FALSE"
"PUBLIC";"M_MVCC_SNAPSHOTS";"146485";"null";"H00";"SYS";"M_MVCC_SNAPSHOTS";"VIEW";"FALSE"
"PUBLIC";"M_VERSION_MEMORY";"146486";"null";"H00";"SYS";"M_VERSION_MEMORY";"VIEW";"FALSE"
"PUBLIC";"M_VOLUME_FILES";"146487";"null";"H00";"SYS";"M_VOLUME_FILES";"VIEW";"FALSE"
"PUBLIC";"M_VOLUME_SIZES";"146488";"null";"H00";"SYS";"M_VOLUME_SIZES";"VIEW";"FALSE"
"PUBLIC";"M_VOLUMES";"146489";"null";"H00";"SYS";"M_VOLUMES";"VIEW";"FALSE"
"PUBLIC";"M_CE_CALCSCENARIOS";"146490";"null";"H00";"SYS";"M_CE_CALCSCENARIOS";"VIEW";"FALSE"
"PUBLIC";"M_CE_CALCSCENARIO_HINTS";"146491";"null";"H00";"SYS";"M_CE_CALCSCENARIO_HINTS";"VIEW";"FALSE"
"PUBLIC";"CS_VIEW_PARAMETERS";"146492";"null";"H00";"SYS";"CS_VIEW_PARAMETERS";"VIEW";"FALSE"
"PUBLIC";"M_CE_CALCSCENARIOS_OVERVIEW";"146493";"null";"H00";"SYS";"M_CE_CALCSCENARIOS_OVERVIEW";"VIEW";"FALSE"
"PUBLIC";"M_CE_CALCVIEW_DEPENDENCIES";"146494";"null";"H00";"SYS";"M_CE_CALCVIEW_DEPENDENCIES";"VIEW";"FALSE"
"PUBLIC";"M_CE_DEBUG_INFOS";"146495";"null";"H00";"SYS";"M_CE_DEBUG_INFOS";"VIEW";"FALSE"
"PUBLIC";"M_CE_DEBUG_NODE_MAPPING";"146496";"null";"H00";"SYS";"M_CE_DEBUG_NODE_MAPPING";"VIEW";"FALSE"
"PUBLIC";"M_CE_DEBUG_JSONS";"146497";"null";"H00";"SYS";"M_CE_DEBUG_JSONS";"VIEW";"FALSE"
"PUBLIC";"M_SESSION_CONTEXT";"146498";"null";"H00";"SYS";"M_SESSION_CONTEXT";"VIEW";"FALSE"
"PUBLIC";"DEBUG";"136238";"null";"H00";"SYS";"DEBUG";"PROCEDURE";"null"
"PUBLIC";"FIND_NOLOGGING_TABLE";"136241";"null";"H00";"SYS";"FIND_NOLOGGING_TABLE";"PROCEDURE";"null"
"PUBLIC";"DSO_ACTIVATE_PERSISTED";"136242";"null";"H00";"SYS";"DSO_ACTIVATE_PERSISTED";"PROCEDURE";"null"
"PUBLIC";"DSO_ROLLBACK_PERSISTED";"136243";"null";"H00";"SYS";"DSO_ROLLBACK_PERSISTED";"PROCEDURE";"null"
"PUBLIC";"DSO_VERSION";"136244";"null";"H00";"SYS";"DSO_VERSION";"PROCEDURE";"null"
"PUBLIC";"DSO_ACTIVATE_CHANGES";"136245";"null";"H00";"SYS";"DSO_ACTIVATE_CHANGES";"PROCEDURE";"null"
"PUBLIC";"DSO_ROLLBACK_CHANGES";"136246";"null";"H00";"SYS";"DSO_ROLLBACK_CHANGES";"PROCEDURE";"null"
"PUBLIC";"CHECK_CALCULATION_VIEW";"136252";"null";"H00";"SYS";"CHECK_CALCULATION_VIEW";"PROCEDURE";"null"
"PUBLIC";"CHECK_CATALOG";"136255";"null";"H00";"SYS";"CHECK_CATALOG";"PROCEDURE";"null"
"PUBLIC";"CHECK_TOPOLOGY_TREE";"136256";"null";"H00";"SYS";"CHECK_TOPOLOGY_TREE";"PROCEDURE";"null"
"PUBLIC";"EXECUTE_SEARCH_RULE_SET";"136257";"null";"H00";"SYS";"EXECUTE_SEARCH_RULE_SET";"PROCEDURE";"null"
"PUBLIC";"ESH_SEARCH";"136258";"null";"H00";"SYS";"ESH_SEARCH";"PROCEDURE";"null"
"PUBLIC";"ESH_CONFIG";"136259";"null";"H00";"SYS";"ESH_CONFIG";"PROCEDURE";"null"
"PUBLIC";"TRUNCATE_SQLSCRIPT_TRACE";"136266";"null";"H00";"SYS";"TRUNCATE_SQLSCRIPT_TRACE";"PROCEDURE";"null"
"PUBLIC";"SET_SQLSCRIPT_TRACE";"136267";"null";"H00";"SYS";"SET_SQLSCRIPT_TRACE";"PROCEDURE";"null"
"PUBLIC";"UNSET_SQLSCRIPT_TRACE";"136268";"null";"H00";"SYS";"UNSET_SQLSCRIPT_TRACE";"PROCEDURE";"null"
"PUBLIC";"GET_OBJECT_DEFINITION";"136271";"null";"H00";"SYS";"GET_OBJECT_DEFINITION";"PROCEDURE";"null"
"PUBLIC";"GET_ACCESSED_OBJECTS_IN_STATEMENT";"136272";"null";"H00";"SYS";"GET_ACCESSED_OBJECTS_IN_STATEMENT";"PROCEDURE";"null"
"PUBLIC";"GET_DYNAMIC_RESULT_CACHE_IMPLICIT_MATCH_CANDIDATES_IN_STATEMENT";"136273";"null";"H00";"SYS";"GET_DYNAMIC_RESULT_CACHE_IMPLICIT_MATCH_CANDIDATES_IN_STATEMENT";"PROCEDURE";"null"
"PUBLIC";"REORG_EXECUTE";"136274";"null";"H00";"SYS";"REORG_EXECUTE";"PROCEDURE";"null"
"PUBLIC";"REORG_GENERATE";"136275";"null";"H00";"SYS";"REORG_GENERATE";"PROCEDURE";"null"
"PUBLIC";"REORG_CLEAR_LOGS";"136276";"null";"H00";"SYS";"REORG_CLEAR_LOGS";"PROCEDURE";"null"
"PUBLIC";"ANALYZE_COLUMNS_TO_MATERIALIZE";"136277";"null";"H00";"SYS";"ANALYZE_COLUMNS_TO_MATERIALIZE";"PROCEDURE";"null"
"PUBLIC";"GET_OBJECT_VERSION";"136278";"null";"H00";"SYS";"GET_OBJECT_VERSION";"PROCEDURE";"null"
"PUBLIC";"GET_TYPE_MAP";"136279";"null";"H00";"SYS";"GET_TYPE_MAP";"PROCEDURE";"null"
"PUBLIC";"GET_FUNCTION_MAP";"136280";"null";"H00";"SYS";"GET_FUNCTION_MAP";"PROCEDURE";"null"
"PUBLIC";"GET_FUNCTION_DICTIONARY_FROM_RS_TO_CS_ENGINE";"136281";"null";"H00";"SYS";"GET_FUNCTION_DICTIONARY_FROM_RS_TO_CS_ENGINE";"PROCEDURE";"null"
"PUBLIC";"GET_FUNCTIONS_FOR_RS_CS_ENGINES";"136283";"null";"H00";"SYS";"GET_FUNCTIONS_FOR_RS_CS_ENGINES";"PROCEDURE";"null"
"PUBLIC";"GET_FUNCTIONS_FOR_RS_ENGINE_ONLY";"136284";"null";"H00";"SYS";"GET_FUNCTIONS_FOR_RS_ENGINE_ONLY";"PROCEDURE";"null"
"PUBLIC";"CHECK_FUNCTION_FROM_RS_TO_CS_ENGINE";"136285";"null";"H00";"SYS";"CHECK_FUNCTION_FROM_RS_TO_CS_ENGINE";"PROCEDURE";"null"
"PUBLIC";"VALIDATE_EXPRESSION";"136286";"null";"H00";"SYS";"VALIDATE_EXPRESSION";"PROCEDURE";"null"
"PUBLIC";"PLANVIZ_ACTION";"136289";"null";"H00";"SYS";"PLANVIZ_ACTION";"PROCEDURE";"null"
"PUBLIC";"ADVANCED_PLANVIZ_ACTION";"136290";"null";"H00";"SYS";"ADVANCED_PLANVIZ_ACTION";"PROCEDURE";"null"
"PUBLIC";"GET_PLANVIZ_EXECUTED_PLAN";"136291";"null";"H00";"SYS";"GET_PLANVIZ_EXECUTED_PLAN";"PROCEDURE";"null"
"PUBLIC";"CHECK_TABLE_CONSISTENCY";"136297";"null";"H00";"SYS";"CHECK_TABLE_CONSISTENCY";"PROCEDURE";"null"
"PUBLIC";"GET_JOIN_INFO";"136298";"null";"H00";"SYS";"GET_JOIN_INFO";"PROCEDURE";"null"
"PUBLIC";"GET_JOIN_DEPTH";"136299";"null";"H00";"SYS";"GET_JOIN_DEPTH";"PROCEDURE";"null"
"PUBLIC";"GET_TABLE_COUNT";"136300";"null";"H00";"SYS";"GET_TABLE_COUNT";"PROCEDURE";"null"
"PUBLIC";"GET_CHECK_ACTIONS";"136301";"null";"H00";"SYS";"GET_CHECK_ACTIONS";"PROCEDURE";"null"
"PUBLIC";"INDEX_TYPE_ADVISOR";"136302";"null";"H00";"SYS";"INDEX_TYPE_ADVISOR";"PROCEDURE";"null"
"PUBLIC";"GET_ACCESSED_COLUMNS_IN_STATEMENT";"136303";"null";"H00";"SYS";"GET_ACCESSED_COLUMNS_IN_STATEMENT";"PROCEDURE";"null"
"PUBLIC";"REORGANIZE_ROWSTORE";"136304";"null";"H00";"SYS";"REORGANIZE_ROWSTORE";"PROCEDURE";"null"
"PUBLIC";"IS_VALID_USER_NAME";"136305";"null";"H00";"SYS";"IS_VALID_USER_NAME";"PROCEDURE";"null"
"PUBLIC";"IS_VALID_PASSWORD";"136306";"null";"H00";"SYS";"IS_VALID_PASSWORD";"PROCEDURE";"null"
"PUBLIC";"SERIES_GENERATE_BIGINT";"136307";"null";"H00";"SYS";"SERIES_GENERATE_BIGINT";"FUNCTION";"null"
"PUBLIC";"SERIES_GENERATE_INTEGER";"136308";"null";"H00";"SYS";"SERIES_GENERATE_INTEGER";"FUNCTION";"null"
"PUBLIC";"SERIES_GENERATE_SMALLINT";"136309";"null";"H00";"SYS";"SERIES_GENERATE_SMALLINT";"FUNCTION";"null"
"PUBLIC";"SERIES_GENERATE_TINYINT";"136310";"null";"H00";"SYS";"SERIES_GENERATE_TINYINT";"FUNCTION";"null"
"PUBLIC";"SERIES_GENERATE_DECIMAL";"136311";"null";"H00";"SYS";"SERIES_GENERATE_DECIMAL";"FUNCTION";"null"
"PUBLIC";"SERIES_GENERATE_SMALLDECIMAL";"136312";"null";"H00";"SYS";"SERIES_GENERATE_SMALLDECIMAL";"FUNCTION";"null"
"PUBLIC";"SERIES_GENERATE_TIMESTAMP";"136313";"null";"H00";"SYS";"SERIES_GENERATE_TIMESTAMP";"FUNCTION";"null"
"PUBLIC";"SERIES_GENERATE_SECONDDATE";"136314";"null";"H00";"SYS";"SERIES_GENERATE_SECONDDATE";"FUNCTION";"null"
"PUBLIC";"SERIES_GENERATE_DATE";"136315";"null";"H00";"SYS";"SERIES_GENERATE_DATE";"FUNCTION";"null"
"PUBLIC";"SERIES_GENERATE_TIME";"136316";"null";"H00";"SYS";"SERIES_GENERATE_TIME";"FUNCTION";"null"
"PUBLIC";"SERIES_DISAGGREGATE_BIGINT";"136317";"null";"H00";"SYS";"SERIES_DISAGGREGATE_BIGINT";"FUNCTION";"null"
"PUBLIC";"SERIES_DISAGGREGATE_INTEGER";"136318";"null";"H00";"SYS";"SERIES_DISAGGREGATE_INTEGER";"FUNCTION";"null"
"PUBLIC";"SERIES_DISAGGREGATE_SMALLINT";"136319";"null";"H00";"SYS";"SERIES_DISAGGREGATE_SMALLINT";"FUNCTION";"null"
"PUBLIC";"SERIES_DISAGGREGATE_TINYINT";"136320";"null";"H00";"SYS";"SERIES_DISAGGREGATE_TINYINT";"FUNCTION";"null"
"PUBLIC";"SERIES_DISAGGREGATE_DECIMAL";"136321";"null";"H00";"SYS";"SERIES_DISAGGREGATE_DECIMAL";"FUNCTION";"null"
"PUBLIC";"SERIES_DISAGGREGATE_SMALLDECIMAL";"136322";"null";"H00";"SYS";"SERIES_DISAGGREGATE_SMALLDECIMAL";"FUNCTION";"null"
"PUBLIC";"SERIES_DISAGGREGATE_TIMESTAMP";"136323";"null";"H00";"SYS";"SERIES_DISAGGREGATE_TIMESTAMP";"FUNCTION";"null"
"PUBLIC";"SERIES_DISAGGREGATE_SECONDDATE";"136324";"null";"H00";"SYS";"SERIES_DISAGGREGATE_SECONDDATE";"FUNCTION";"null"
"PUBLIC";"SERIES_DISAGGREGATE_DATE";"136325";"null";"H00";"SYS";"SERIES_DISAGGREGATE_DATE";"FUNCTION";"null"
"PUBLIC";"SERIES_DISAGGREGATE_TIME";"136326";"null";"H00";"SYS";"SERIES_DISAGGREGATE_TIME";"FUNCTION";"null"
"PUBLIC";"ST_HEXAGONGRID";"136327";"null";"H00";"SYS";"ST_HEXAGONGRID";"FUNCTION";"null"
"PUBLIC";"ST_HEXAGONGRIDBOUNDINGBOX";"136328";"null";"H00";"SYS";"ST_HEXAGONGRIDBOUNDINGBOX";"FUNCTION";"null"
"PUBLIC";"ST_SQUAREGRID";"136329";"null";"H00";"SYS";"ST_SQUAREGRID";"FUNCTION";"null"
"PUBLIC";"ST_RECTANGLEGRID";"136330";"null";"H00";"SYS";"ST_RECTANGLEGRID";"FUNCTION";"null"
"PUBLIC";"ST_RECTANGLEGRIDBOUNDINGBOX";"136331";"null";"H00";"SYS";"ST_RECTANGLEGRIDBOUNDINGBOX";"FUNCTION";"null"
"PUBLIC";"GET_REMOTE_SOURCE_OBJECTS";"136332";"null";"H00";"SYS";"GET_REMOTE_SOURCE_OBJECTS";"PROCEDURE";"null"
"PUBLIC";"GET_REMOTE_SOURCE_OBJECTS_WITH_SCHEMA";"136333";"null";"H00";"SYS";"GET_REMOTE_SOURCE_OBJECTS_WITH_SCHEMA";"PROCEDURE";"null"
"PUBLIC";"CHECK_REMOTE_SOURCE";"136334";"null";"H00";"SYS";"CHECK_REMOTE_SOURCE";"PROCEDURE";"null"
"PUBLIC";"CHECK_REMOTE_SOURCE_WITH_SCHEMA";"136335";"null";"H00";"SYS";"CHECK_REMOTE_SOURCE_WITH_SCHEMA";"PROCEDURE";"null"
"PUBLIC";"CHECK_VIRTUAL_TABLES";"136336";"null";"H00";"SYS";"CHECK_VIRTUAL_TABLES";"PROCEDURE";"null"
"PUBLIC";"GET_REMOTE_SOURCE_COLUMNS";"136337";"null";"H00";"SYS";"GET_REMOTE_SOURCE_COLUMNS";"PROCEDURE";"null"
"PUBLIC";"GET_REMOTE_SOURCE_COLUMNS_WITH_SCHEMA";"136338";"null";"H00";"SYS";"GET_REMOTE_SOURCE_COLUMNS_WITH_SCHEMA";"PROCEDURE";"null"
"PUBLIC";"REMOTE_EXECUTE";"136339";"null";"H00";"SYS";"REMOTE_EXECUTE";"PROCEDURE";"null"
"PUBLIC";"REMOTE_EXECUTE_WITH_SCHEMA";"136340";"null";"H00";"SYS";"REMOTE_EXECUTE_WITH_SCHEMA";"PROCEDURE";"null"
"PUBLIC";"EPM_MODEL_COMMAND";"136341";"null";"H00";"SYS";"EPM_MODEL_COMMAND";"PROCEDURE";"null"
"PUBLIC";"EPM_SYSTEM_COMMAND";"136342";"null";"H00";"SYS";"EPM_SYSTEM_COMMAND";"PROCEDURE";"null"
"PUBLIC";"EXECUTE_MDS";"136343";"null";"H00";"SYS";"EXECUTE_MDS";"PROCEDURE";"null"
"PUBLIC";"EXECUTE_MDS_READ_ONLY";"136344";"null";"H00";"SYS";"EXECUTE_MDS_READ_ONLY";"PROCEDURE";"null"
"PUBLIC";"CHECK_ANALYTICAL_MODEL";"136345";"null";"H00";"SYS";"CHECK_ANALYTICAL_MODEL";"PROCEDURE";"null"
"PUBLIC";"VIRTUAL_FUNCTION_PACKAGE_CREATE";"136348";"null";"H00";"SYS";"VIRTUAL_FUNCTION_PACKAGE_CREATE";"PROCEDURE";"null"
"PUBLIC";"VIRTUAL_FUNCTION_PACKAGE_ALTER";"136349";"null";"H00";"SYS";"VIRTUAL_FUNCTION_PACKAGE_ALTER";"PROCEDURE";"null"
"PUBLIC";"VIRTUAL_FUNCTION_PACKAGE_DROP";"136350";"null";"H00";"SYS";"VIRTUAL_FUNCTION_PACKAGE_DROP";"PROCEDURE";"null"
"PUBLIC";"VIRTUAL_PACKAGE_CREATE";"136351";"null";"H00";"SYS";"VIRTUAL_PACKAGE_CREATE";"PROCEDURE";"null"
"PUBLIC";"VIRTUAL_PACKAGE_ALTER";"136352";"null";"H00";"SYS";"VIRTUAL_PACKAGE_ALTER";"PROCEDURE";"null"
"PUBLIC";"VIRTUAL_PACKAGE_DROP";"136353";"null";"H00";"SYS";"VIRTUAL_PACKAGE_DROP";"PROCEDURE";"null"
"PUBLIC";"GET_REMOTE_SOURCE_OBJECT_TREE";"136354";"null";"H00";"SYS";"GET_REMOTE_SOURCE_OBJECT_TREE";"PROCEDURE";"null"
"PUBLIC";"GET_REMOTE_SOURCE_OBJECT_TREE_WITH_SCHEMA";"136355";"null";"H00";"SYS";"GET_REMOTE_SOURCE_OBJECT_TREE_WITH_SCHEMA";"PROCEDURE";"null"
"PUBLIC";"GET_REMOTE_SOURCE_OBJECT_PARAMETERS";"136356";"null";"H00";"SYS";"GET_REMOTE_SOURCE_OBJECT_PARAMETERS";"PROCEDURE";"null"
"PUBLIC";"GET_REMOTE_SOURCE_OBJECT_PARAMETERS_WITH_SCHEMA";"136357";"null";"H00";"SYS";"GET_REMOTE_SOURCE_OBJECT_PARAMETERS_WITH_SCHEMA";"PROCEDURE";"null"
"PUBLIC";"GET_REMOTE_SOURCE_FUNCTION_DEFINITION";"136358";"null";"H00";"SYS";"GET_REMOTE_SOURCE_FUNCTION_DEFINITION";"PROCEDURE";"null"
"PUBLIC";"GET_REMOTE_SOURCE_FUNCTION_DEFINITION_WITH_SCHEMA";"136359";"null";"H00";"SYS";"GET_REMOTE_SOURCE_FUNCTION_DEFINITION_WITH_SCHEMA";"PROCEDURE";"null"
"PUBLIC";"GET_REMOTE_SOURCE_PROPERTIES";"136360";"null";"H00";"SYS";"GET_REMOTE_SOURCE_PROPERTIES";"PROCEDURE";"null"
"PUBLIC";"GET_REMOTE_SOURCE_PROPERTIES_WITH_SCHEMA";"136361";"null";"H00";"SYS";"GET_REMOTE_SOURCE_PROPERTIES_WITH_SCHEMA";"PROCEDURE";"null"
"PUBLIC";"GET_AGENT_ADAPTERS";"136362";"null";"H00";"SYS";"GET_AGENT_ADAPTERS";"PROCEDURE";"null"
"PUBLIC";"GET_REMOTE_SOURCE_OBJECTS_LIST";"136364";"null";"H00";"SYS";"GET_REMOTE_SOURCE_OBJECTS_LIST";"PROCEDURE";"null"
"PUBLIC";"GET_REMOTE_SOURCE_OBJECTS_LIST_WITH_SCHEMA";"136365";"null";"H00";"SYS";"GET_REMOTE_SOURCE_OBJECTS_LIST_WITH_SCHEMA";"PROCEDURE";"null"
"PUBLIC";"GET_REMOTE_SOURCE_TABLE_DEFINITIONS";"136366";"null";"H00";"SYS";"GET_REMOTE_SOURCE_TABLE_DEFINITIONS";"PROCEDURE";"null"
"PUBLIC";"GET_REMOTE_SOURCE_TABLE_DEFINITIONS_WITH_SCHEMA";"136367";"null";"H00";"SYS";"GET_REMOTE_SOURCE_TABLE_DEFINITIONS_WITH_SCHEMA";"PROCEDURE";"null"
"PUBLIC";"GET_REMOTE_SOURCE_TABLE_ESS_DEFINITIONS";"136368";"null";"H00";"SYS";"GET_REMOTE_SOURCE_TABLE_ESS_DEFINITIONS";"PROCEDURE";"null"
"PUBLIC";"GET_REMOTE_SOURCE_TABLE_ESS_DEFINITIONS_WITH_SCHEMA";"136369";"null";"H00";"SYS";"GET_REMOTE_SOURCE_TABLE_ESS_DEFINITIONS_WITH_SCHEMA";"PROCEDURE";"null"
"PUBLIC";"GET_REMOTE_SOURCE_OBJECT_LAST_MODIFICATION_TIMESTAMPS";"136370";"null";"H00";"SYS";"GET_REMOTE_SOURCE_OBJECT_LAST_MODIFICATION_TIMESTAMPS";"PROCEDURE";"null"
"PUBLIC";"GET_REMOTE_SOURCE_OBJECT_LAST_MODIFICATION_TIMESTAMPS_WITH_SCHEMA";"136371";"null";"H00";"SYS";"GET_REMOTE_SOURCE_OBJECT_LAST_MODIFICATION_TIMESTAMPS_WITH_SCHEMA";"PROCEDURE";"null"
"PUBLIC";"GET_REMOTE_SOURCE_CS_VIEW_PARAMETERS";"136372";"null";"H00";"SYS";"GET_REMOTE_SOURCE_CS_VIEW_PARAMETERS";"PROCEDURE";"null"
"PUBLIC";"GET_REMOTE_SOURCE_CS_VIEW_PARAMETERS_WITH_SCHEMA";"136373";"null";"H00";"SYS";"GET_REMOTE_SOURCE_CS_VIEW_PARAMETERS_WITH_SCHEMA";"PROCEDURE";"null"
"PUBLIC";"GET_NEXT_NUMBER_FROM_NUMBER_RANGE";"136374";"null";"H00";"SYS";"GET_NEXT_NUMBER_FROM_NUMBER_RANGE";"PROCEDURE";"null"
"PUBLIC";"WORKLOAD_CAPTURE";"136375";"null";"H00";"SYS";"WORKLOAD_CAPTURE";"PROCEDURE";"null"
"PUBLIC";"WORKLOAD_REPLAY";"136376";"null";"H00";"SYS";"WORKLOAD_REPLAY";"PROCEDURE";"null"
"PUBLIC";"ANALYZE_SQLSCRIPT_DEFINITION";"136380";"null";"H00";"SYS";"ANALYZE_SQLSCRIPT_DEFINITION";"PROCEDURE";"null"
"PUBLIC";"ANALYZE_SQLSCRIPT_OBJECTS";"136381";"null";"H00";"SYS";"ANALYZE_SQLSCRIPT_OBJECTS";"PROCEDURE";"null"
"PUBLIC";"GET_ANONYMIZATION_VIEW_STATISTICS";"136384";"null";"H00";"SYS";"GET_ANONYMIZATION_VIEW_STATISTICS";"PROCEDURE";"null"
"PUBLIC";"UPDATE_FISCAL_CALENDAR";"136385";"null";"H00";"SYS";"UPDATE_FISCAL_CALENDAR";"PROCEDURE";"null"
"PUBLIC";"UPDATE_TIME_DIMENSION";"136386";"null";"H00";"SYS";"UPDATE_TIME_DIMENSION";"PROCEDURE";"null"
"PUBLIC";"GET_CALC_VIEW_PARAMETER_DEFAULT_VALUES";"136388";"null";"H00";"SYS";"GET_CALC_VIEW_PARAMETER_DEFAULT_VALUES";"PROCEDURE";"null"
"PUBLIC";"SQL_PLAN_ADVISOR";"136389";"null";"H00";"SYS";"SQL_PLAN_ADVISOR";"PROCEDURE";"null"
"PUBLIC";"DELTA_LAKE_TABLE_CHANGES";"136392";"null";"H00";"SYS";"DELTA_LAKE_TABLE_CHANGES";"PROCEDURE";"null"
"PUBLIC";"DELTA_LAKE_TABLE_VERSION";"136393";"null";"H00";"SYS";"DELTA_LAKE_TABLE_VERSION";"PROCEDURE";"null"
"PUBLIC";"REMOTE_SUBSCRIPTION_EXTERNAL_VERSIONS";"136394";"null";"H00";"SYS";"REMOTE_SUBSCRIPTION_EXTERNAL_VERSIONS";"PROCEDURE";"null"
"PUBLIC";"SQLSCRIPT_SYNC";"146749";"null";"H00";"SYS";"SQLSCRIPT_SYNC";"LIBRARY";"null"
"PUBLIC";"SQLSCRIPT_STRING";"146750";"null";"H00";"SYS";"SQLSCRIPT_STRING";"LIBRARY";"null"
"PUBLIC";"SQLSCRIPT_PRINT";"146751";"null";"H00";"SYS";"SQLSCRIPT_PRINT";"LIBRARY";"null"
"PUBLIC";"SQLSCRIPT_TEST";"146752";"null";"H00";"SYS";"SQLSCRIPT_TEST";"LIBRARY";"null"
"PUBLIC";"SQLSCRIPT_LOGGING";"146753";"null";"H00";"SYS";"SQLSCRIPT_LOGGING";"LIBRARY";"null"